"","falling_1","speed_sd","right_ankle_ang_acc","right_ankle_ang_vel","vigMins","walkMET","walkTime","Meditation","trunk_lean_min_ang_acc"
"falling_1","","","","","","","","",""
"speed_sd"," 0.07    ","","","","","","","",""
"right_ankle_ang_acc","-0.04    "," 0.02    ","","","","","","",""
"right_ankle_ang_vel","-0.04    "," 0.02    "," 1.00****","","","","","",""
"vigMins","-0.04    "," 0.08    ","-0.06    ","-0.06    ","","","","",""
"walkMET","-0.08    "," 0.04    ","-0.06    ","-0.06    "," 0.12*   ","","","",""
"walkTime","-0.08    "," 0.04    ","-0.06    ","-0.06    "," 0.12*   "," 1.00****","","",""
"Meditation"," 0.04    "," 0.09    ","-0.02    ","-0.02    ","-0.01    ","-0.03    ","-0.03    ","",""
"trunk_lean_min_ang_acc"," 0.09    ","-0.26****","-0.04    ","-0.04    ","-0.04    "," 0.07    "," 0.07    ","-0.02    ",""
"numMedCond"," 0.13**  ","-0.03    ","-0.03    ","-0.03    ","-0.12*   ","-0.04    ","-0.04    "," 0.04    "," 0.00    "
