"","Predictor","Selection_Frequency","Average_Coefficient","n_bootstraps"
"5","speed_sd",1,-6.01953201940232,1
"7","time_diff_sit2stand",1,-1.54633683552206,1
"12","time_diff_stand2sit",1,0.546537286172202,1
"23","left_knee_min_sd",1,-0.276291619193805,1
"24","left_knee_ang_vel",1,0.10134901293977,1
"25","left_knee_ang_acc",1,0.0999252496034931,1
"38","right_knee_ang_vel",1,0.0230013466315733,1
"39","right_knee_ang_acc",1,0.0230736572331567,1
"40","right_knee_max_ang_vel",1,0.00342139533519878,1
"46","left_hip_max",1,-0.0241694068444451,1
"48","left_hip_max_mean",1,-0.0301672768804893,1
"50","left_hip_max_sd",1,0.182146175564318,1
"55","left_hip_max_ang_acc",1,0.000984625738178862,1
"60","right_hip_max",1,-0.017632533440921,1
"69","right_hip_max_ang_acc",1,0.0013605906935058,1
"92","right_ankle_max_sd",1,-0.125349426705826,1
"94","right_ankle_ang_vel",1,-0.0657587303961088,1
"95","right_ankle_ang_acc",1,-0.0649724844895954,1
"113","trunk_lean_min_ang_acc",1,0.00277021788097886,1
"121","left_shank_angle_min_sd",1,0.418626841406988,1
"122","left_shank_angle_ang_vel",1,-0.206616618072688,1
"123","left_shank_angle_ang_acc",1,-0.204144624194165,1
"124","left_shank_angle_max_ang_vel",1,0.0193424179133453,1
"140","right_shank_angle_min_ang_vel",1,0.0191306642909207,1
"146","alignment_max_mean",1,-0.00293089118524094,1
"150","alignment_ang_vel",1,0.0494497915726988,1
"151","alignment_ang_acc",1,0.0489863446839277,1
"160","trunk_max_mean",1,-0.00342202107613635,1
"163","trunk_min_sd",1,0.0312338087321943,1
"166","trunk_max_ang_vel",1,0.00531912679270064,1
"170","left_knee_range_mean_sit2stand",1,-0.00254654216204475,1
"177","left_knee_min_sd_sit2stand",1,-0.0599488447156429,1
"181","left_knee_max_ang_acc_sit2stand",1,-1.90541040188949e-05,1
"182","left_knee_min_ang_vel_sit2stand",1,-0.00133732820606258,1
"190","right_knee_max_sd_sit2stand",1,-0.0205825342068116,1
"196","right_knee_min_ang_vel_sit2stand",1,0.000260666066562347,1
"199","left_hip_sd_sit2stand",1,-0.0144258725268238,1
"210","left_hip_min_ang_vel_sit2stand",1,0.00625814361600379,1
"211","left_hip_min_ang_acc_sit2stand",1,-0.00139322697286567,1
"214","right_hip_max_sit2stand",1,-0.00184322481929514,1
"223","right_hip_max_ang_acc_sit2stand",1,7.00789091184421e-05,1
"225","right_hip_min_ang_acc_sit2stand",1,2.64993548387346e-05,1
"226","left_ankle_range_mean_sit2stand",1,-0.00257612861748217,1
"231","left_ankle_min_mean_sit2stand",1,0.00795099934251178,1
"234","left_ankle_ang_vel_sit2stand",1,0.0181151169442385,1
"235","left_ankle_ang_acc_sit2stand",1,0.0176522713037833,1
"238","left_ankle_min_ang_vel_sit2stand",1,-0.00373397761981262,1
"239","left_ankle_min_ang_acc_sit2stand",1,4.80054296160704e-05,1
"260","trunk_lean_max_sd_sit2stand",1,0.161585095113268,1
"261","trunk_lean_min_sd_sit2stand",1,-0.78069880073222,1
"267","trunk_lean_min_ang_acc_sit2stand",1,0.00235657712687593,1
"271","left_shank_angle_min_sit2stand",1,-0.0245259597337807,1
"276","left_shank_angle_ang_vel_sit2stand",1,-0.0266022568970236,1
"277","left_shank_angle_ang_acc_sit2stand",1,-0.0263436171363433,1
"278","left_shank_angle_max_ang_vel_sit2stand",1,0.00687104923446652,1
"310","left_knee_range_mean_stand2sit",1,-0.0257074912750845,1
"312","left_knee_max_stand2sit",1,-0.0435638046730496,1
"313","left_knee_min_stand2sit",1,0.02240488816049,1
"316","left_knee_max_sd_stand2sit",1,-0.115694016511011,1
"320","left_knee_max_ang_vel_stand2sit",1,0.0123677904216499,1
"321","left_knee_max_ang_acc_stand2sit",1,7.01929301904761e-05,1
"340","left_hip_max_stand2sit",1,-0.00342797274982085,1
"342","left_hip_max_mean_stand2sit",1,-0.00531583257420021,1
"344","left_hip_max_sd_stand2sit",1,0.0807702068341898,1
"345","left_hip_min_sd_stand2sit",1,-0.188411919567691,1
"353","right_hip_sd_stand2sit",1,-0.00519087404400183,1
"359","right_hip_min_sd_stand2sit",1,-0.0549216284218634,1
"374","left_ankle_ang_vel_stand2sit",1,-0.0250457111986943,1
"375","left_ankle_ang_acc_stand2sit",1,-0.0250018527153233,1
"376","left_ankle_max_ang_vel_stand2sit",1,0.000279487598168568,1
"395","trunk_lean_sd_stand2sit",1,-0.0677934999131578,1
"397","trunk_lean_min_stand2sit",1,0.0269748776043669,1
"399","trunk_lean_min_mean_stand2sit",1,0.102288653850852,1
"405","trunk_lean_max_ang_acc_stand2sit",1,-0.00212488745485175,1
"414","left_shank_angle_max_sd_stand2sit",1,-0.0516159942027965,1
"418","left_shank_angle_max_ang_vel_stand2sit",1,0.0171102561532961,1
"440","alignment_max_mean_stand2sit",1,-0.00752757776240169,1
"446","alignment_max_ang_vel_stand2sit",1,-0.0101273056548472,1
"456","pelvic_avg_y_speed",1,1.08238500799268,1
"459","pelvic_avg_y_acc",1,-1.78226288318335,1
"468","neck_avg_y_speed",1,3.12321928183622,1
"478","pelvic_min_acc_sit2stand",1,-1.62552256043262,1
"480","pelvic_avg_y_speed_sit2stand",1,1.10765977611982,1
"483","pelvic_avg_y_acc_sit2stand",1,-1.78498764383947,1
"487","neck_min_speed_sit2stand",1,-4.88554046694406,1
"489","neck_avg_acc_sit2stand",1,0.0246673505647722,1
"492","neck_avg_y_speed_sit2stand",1,3.17163296595491,1
"499","pelvic_min_speed_stand2sit",1,-11.6243897757403,1
"504","pelvic_avg_y_speed_stand2sit",1,1.00979145856019,1
"507","pelvic_avg_y_acc_stand2sit",1,-1.73108742584307,1
"516","neck_avg_y_speed_stand2sit",1,3.27306162305694,1
"526","height",1,-17.5523011479494,1
"527","lknee_angle_first_sit",1,0.0102925712965564,1
"528","rknee_angle_first_sit",1,-0.0079260248670676,1
"529","lknee_angle_first_stand",1,-0.00709354255233837,1
"1","time",0,0,1
"2","time_diff",0,0,1
"3","speed",0,0,1
"4","time_sd",0,0,1
"6","time_sit2stand",0,0,1
"8","speed_sit2stand",0,0,1
"9","time_sd_sit2stand",0,0,1
"10","speed_sd_sit2stand",0,0,1
"11","time_stand2sit",0,0,1
"13","speed_stand2sit",0,0,1
"14","time_sd_stand2sit",0,0,1
"15","speed_sd_stand2sit",0,0,1
"16","left_knee_range_mean",0,0,1
"17","left_knee_sd",0,0,1
"18","left_knee_max",0,0,1
"19","left_knee_min",0,0,1
"20","left_knee_max_mean",0,0,1
"21","left_knee_min_mean",0,0,1
"22","left_knee_max_sd",0,0,1
"26","left_knee_max_ang_vel",0,0,1
"27","left_knee_max_ang_acc",0,0,1
"28","left_knee_min_ang_vel",0,0,1
"29","left_knee_min_ang_acc",0,0,1
"30","right_knee_range_mean",0,0,1
"31","right_knee_sd",0,0,1
"32","right_knee_max",0,0,1
"33","right_knee_min",0,0,1
"34","right_knee_max_mean",0,0,1
"35","right_knee_min_mean",0,0,1
"36","right_knee_max_sd",0,0,1
"37","right_knee_min_sd",0,0,1
"41","right_knee_max_ang_acc",0,0,1
"42","right_knee_min_ang_vel",0,0,1
"43","right_knee_min_ang_acc",0,0,1
"44","left_hip_range_mean",0,0,1
"45","left_hip_sd",0,0,1
"47","left_hip_min",0,0,1
"49","left_hip_min_mean",0,0,1
"51","left_hip_min_sd",0,0,1
"52","left_hip_ang_vel",0,0,1
"53","left_hip_ang_acc",0,0,1
"54","left_hip_max_ang_vel",0,0,1
"56","left_hip_min_ang_vel",0,0,1
"57","left_hip_min_ang_acc",0,0,1
"58","right_hip_range_mean",0,0,1
"59","right_hip_sd",0,0,1
"61","right_hip_min",0,0,1
"62","right_hip_max_mean",0,0,1
"63","right_hip_min_mean",0,0,1
"64","right_hip_max_sd",0,0,1
"65","right_hip_min_sd",0,0,1
"66","right_hip_ang_vel",0,0,1
"67","right_hip_ang_acc",0,0,1
"68","right_hip_max_ang_vel",0,0,1
"70","right_hip_min_ang_vel",0,0,1
"71","right_hip_min_ang_acc",0,0,1
"72","left_ankle_range_mean",0,0,1
"73","left_ankle_sd",0,0,1
"74","left_ankle_max",0,0,1
"75","left_ankle_min",0,0,1
"76","left_ankle_max_mean",0,0,1
"77","left_ankle_min_mean",0,0,1
"78","left_ankle_max_sd",0,0,1
"79","left_ankle_min_sd",0,0,1
"80","left_ankle_ang_vel",0,0,1
"81","left_ankle_ang_acc",0,0,1
"82","left_ankle_max_ang_vel",0,0,1
"83","left_ankle_max_ang_acc",0,0,1
"84","left_ankle_min_ang_vel",0,0,1
"85","left_ankle_min_ang_acc",0,0,1
"86","right_ankle_range_mean",0,0,1
"87","right_ankle_sd",0,0,1
"88","right_ankle_max",0,0,1
"89","right_ankle_min",0,0,1
"90","right_ankle_max_mean",0,0,1
"91","right_ankle_min_mean",0,0,1
"93","right_ankle_min_sd",0,0,1
"96","right_ankle_max_ang_vel",0,0,1
"97","right_ankle_max_ang_acc",0,0,1
"98","right_ankle_min_ang_vel",0,0,1
"99","right_ankle_min_ang_acc",0,0,1
"100","trunk_lean_range_mean",0,0,1
"101","trunk_lean_sd",0,0,1
"102","trunk_lean_max",0,0,1
"103","trunk_lean_min",0,0,1
"104","trunk_lean_max_mean",0,0,1
"105","trunk_lean_min_mean",0,0,1
"106","trunk_lean_max_sd",0,0,1
"107","trunk_lean_min_sd",0,0,1
"108","trunk_lean_ang_vel",0,0,1
"109","trunk_lean_ang_acc",0,0,1
"110","trunk_lean_max_ang_vel",0,0,1
"111","trunk_lean_max_ang_acc",0,0,1
"112","trunk_lean_min_ang_vel",0,0,1
"114","left_shank_angle_range_mean",0,0,1
"115","left_shank_angle_sd",0,0,1
"116","left_shank_angle_max",0,0,1
"117","left_shank_angle_min",0,0,1
"118","left_shank_angle_max_mean",0,0,1
"119","left_shank_angle_min_mean",0,0,1
"120","left_shank_angle_max_sd",0,0,1
"125","left_shank_angle_max_ang_acc",0,0,1
"126","left_shank_angle_min_ang_vel",0,0,1
"127","left_shank_angle_min_ang_acc",0,0,1
"128","right_shank_angle_range_mean",0,0,1
"129","right_shank_angle_sd",0,0,1
"130","right_shank_angle_max",0,0,1
"131","right_shank_angle_min",0,0,1
"132","right_shank_angle_max_mean",0,0,1
"133","right_shank_angle_min_mean",0,0,1
"134","right_shank_angle_max_sd",0,0,1
"135","right_shank_angle_min_sd",0,0,1
"136","right_shank_angle_ang_vel",0,0,1
"137","right_shank_angle_ang_acc",0,0,1
"138","right_shank_angle_max_ang_vel",0,0,1
"139","right_shank_angle_max_ang_acc",0,0,1
"141","right_shank_angle_min_ang_acc",0,0,1
"142","alignment_range_mean",0,0,1
"143","alignment_sd",0,0,1
"144","alignment_max",0,0,1
"145","alignment_min",0,0,1
"147","alignment_min_mean",0,0,1
"148","alignment_max_sd",0,0,1
"149","alignment_min_sd",0,0,1
"152","alignment_max_ang_vel",0,0,1
"153","alignment_max_ang_acc",0,0,1
"154","alignment_min_ang_vel",0,0,1
"155","alignment_min_ang_acc",0,0,1
"156","trunk_range_mean",0,0,1
"157","trunk_sd",0,0,1
"158","trunk_max",0,0,1
"159","trunk_min",0,0,1
"161","trunk_min_mean",0,0,1
"162","trunk_max_sd",0,0,1
"164","trunk_ang_vel",0,0,1
"165","trunk_ang_acc",0,0,1
"167","trunk_max_ang_acc",0,0,1
"168","trunk_min_ang_vel",0,0,1
"169","trunk_min_ang_acc",0,0,1
"171","left_knee_sd_sit2stand",0,0,1
"172","left_knee_max_sit2stand",0,0,1
"173","left_knee_min_sit2stand",0,0,1
"174","left_knee_max_mean_sit2stand",0,0,1
"175","left_knee_min_mean_sit2stand",0,0,1
"176","left_knee_max_sd_sit2stand",0,0,1
"178","left_knee_ang_vel_sit2stand",0,0,1
"179","left_knee_ang_acc_sit2stand",0,0,1
"180","left_knee_max_ang_vel_sit2stand",0,0,1
"183","left_knee_min_ang_acc_sit2stand",0,0,1
"184","right_knee_range_mean_sit2stand",0,0,1
"185","right_knee_sd_sit2stand",0,0,1
"186","right_knee_max_sit2stand",0,0,1
"187","right_knee_min_sit2stand",0,0,1
"188","right_knee_max_mean_sit2stand",0,0,1
"189","right_knee_min_mean_sit2stand",0,0,1
"191","right_knee_min_sd_sit2stand",0,0,1
"192","right_knee_ang_vel_sit2stand",0,0,1
"193","right_knee_ang_acc_sit2stand",0,0,1
"194","right_knee_max_ang_vel_sit2stand",0,0,1
"195","right_knee_max_ang_acc_sit2stand",0,0,1
"197","right_knee_min_ang_acc_sit2stand",0,0,1
"198","left_hip_range_mean_sit2stand",0,0,1
"200","left_hip_max_sit2stand",0,0,1
"201","left_hip_min_sit2stand",0,0,1
"202","left_hip_max_mean_sit2stand",0,0,1
"203","left_hip_min_mean_sit2stand",0,0,1
"204","left_hip_max_sd_sit2stand",0,0,1
"205","left_hip_min_sd_sit2stand",0,0,1
"206","left_hip_ang_vel_sit2stand",0,0,1
"207","left_hip_ang_acc_sit2stand",0,0,1
"208","left_hip_max_ang_vel_sit2stand",0,0,1
"209","left_hip_max_ang_acc_sit2stand",0,0,1
"212","right_hip_range_mean_sit2stand",0,0,1
"213","right_hip_sd_sit2stand",0,0,1
"215","right_hip_min_sit2stand",0,0,1
"216","right_hip_max_mean_sit2stand",0,0,1
"217","right_hip_min_mean_sit2stand",0,0,1
"218","right_hip_max_sd_sit2stand",0,0,1
"219","right_hip_min_sd_sit2stand",0,0,1
"220","right_hip_ang_vel_sit2stand",0,0,1
"221","right_hip_ang_acc_sit2stand",0,0,1
"222","right_hip_max_ang_vel_sit2stand",0,0,1
"224","right_hip_min_ang_vel_sit2stand",0,0,1
"227","left_ankle_sd_sit2stand",0,0,1
"228","left_ankle_max_sit2stand",0,0,1
"229","left_ankle_min_sit2stand",0,0,1
"230","left_ankle_max_mean_sit2stand",0,0,1
"232","left_ankle_max_sd_sit2stand",0,0,1
"233","left_ankle_min_sd_sit2stand",0,0,1
"236","left_ankle_max_ang_vel_sit2stand",0,0,1
"237","left_ankle_max_ang_acc_sit2stand",0,0,1
"240","right_ankle_range_mean_sit2stand",0,0,1
"241","right_ankle_sd_sit2stand",0,0,1
"242","right_ankle_max_sit2stand",0,0,1
"243","right_ankle_min_sit2stand",0,0,1
"244","right_ankle_max_mean_sit2stand",0,0,1
"245","right_ankle_min_mean_sit2stand",0,0,1
"246","right_ankle_max_sd_sit2stand",0,0,1
"247","right_ankle_min_sd_sit2stand",0,0,1
"248","right_ankle_ang_vel_sit2stand",0,0,1
"249","right_ankle_ang_acc_sit2stand",0,0,1
"250","right_ankle_max_ang_vel_sit2stand",0,0,1
"251","right_ankle_max_ang_acc_sit2stand",0,0,1
"252","right_ankle_min_ang_vel_sit2stand",0,0,1
"253","right_ankle_min_ang_acc_sit2stand",0,0,1
"254","trunk_lean_range_mean_sit2stand",0,0,1
"255","trunk_lean_sd_sit2stand",0,0,1
"256","trunk_lean_max_sit2stand",0,0,1
"257","trunk_lean_min_sit2stand",0,0,1
"258","trunk_lean_max_mean_sit2stand",0,0,1
"259","trunk_lean_min_mean_sit2stand",0,0,1
"262","trunk_lean_ang_vel_sit2stand",0,0,1
"263","trunk_lean_ang_acc_sit2stand",0,0,1
"264","trunk_lean_max_ang_vel_sit2stand",0,0,1
"265","trunk_lean_max_ang_acc_sit2stand",0,0,1
"266","trunk_lean_min_ang_vel_sit2stand",0,0,1
"268","left_shank_angle_range_mean_sit2stand",0,0,1
"269","left_shank_angle_sd_sit2stand",0,0,1
"270","left_shank_angle_max_sit2stand",0,0,1
"272","left_shank_angle_max_mean_sit2stand",0,0,1
"273","left_shank_angle_min_mean_sit2stand",0,0,1
"274","left_shank_angle_max_sd_sit2stand",0,0,1
"275","left_shank_angle_min_sd_sit2stand",0,0,1
"279","left_shank_angle_max_ang_acc_sit2stand",0,0,1
"280","left_shank_angle_min_ang_vel_sit2stand",0,0,1
"281","left_shank_angle_min_ang_acc_sit2stand",0,0,1
"282","right_shank_angle_range_mean_sit2stand",0,0,1
"283","right_shank_angle_sd_sit2stand",0,0,1
"284","right_shank_angle_max_sit2stand",0,0,1
"285","right_shank_angle_min_sit2stand",0,0,1
"286","right_shank_angle_max_mean_sit2stand",0,0,1
"287","right_shank_angle_min_mean_sit2stand",0,0,1
"288","right_shank_angle_max_sd_sit2stand",0,0,1
"289","right_shank_angle_min_sd_sit2stand",0,0,1
"290","right_shank_angle_ang_vel_sit2stand",0,0,1
"291","right_shank_angle_ang_acc_sit2stand",0,0,1
"292","right_shank_angle_max_ang_vel_sit2stand",0,0,1
"293","right_shank_angle_max_ang_acc_sit2stand",0,0,1
"294","right_shank_angle_min_ang_vel_sit2stand",0,0,1
"295","right_shank_angle_min_ang_acc_sit2stand",0,0,1
"296","alignment_range_mean_sit2stand",0,0,1
"297","alignment_sd_sit2stand",0,0,1
"298","alignment_max_sit2stand",0,0,1
"299","alignment_min_sit2stand",0,0,1
"300","alignment_max_mean_sit2stand",0,0,1
"301","alignment_min_mean_sit2stand",0,0,1
"302","alignment_max_sd_sit2stand",0,0,1
"303","alignment_min_sd_sit2stand",0,0,1
"304","alignment_ang_vel_sit2stand",0,0,1
"305","alignment_ang_acc_sit2stand",0,0,1
"306","alignment_max_ang_vel_sit2stand",0,0,1
"307","alignment_max_ang_acc_sit2stand",0,0,1
"308","alignment_min_ang_vel_sit2stand",0,0,1
"309","alignment_min_ang_acc_sit2stand",0,0,1
"311","left_knee_sd_stand2sit",0,0,1
"314","left_knee_max_mean_stand2sit",0,0,1
"315","left_knee_min_mean_stand2sit",0,0,1
"317","left_knee_min_sd_stand2sit",0,0,1
"318","left_knee_ang_vel_stand2sit",0,0,1
"319","left_knee_ang_acc_stand2sit",0,0,1
"322","left_knee_min_ang_vel_stand2sit",0,0,1
"323","left_knee_min_ang_acc_stand2sit",0,0,1
"324","right_knee_range_mean_stand2sit",0,0,1
"325","right_knee_sd_stand2sit",0,0,1
"326","right_knee_max_stand2sit",0,0,1
"327","right_knee_min_stand2sit",0,0,1
"328","right_knee_max_mean_stand2sit",0,0,1
"329","right_knee_min_mean_stand2sit",0,0,1
"330","right_knee_max_sd_stand2sit",0,0,1
"331","right_knee_min_sd_stand2sit",0,0,1
"332","right_knee_ang_vel_stand2sit",0,0,1
"333","right_knee_ang_acc_stand2sit",0,0,1
"334","right_knee_max_ang_vel_stand2sit",0,0,1
"335","right_knee_max_ang_acc_stand2sit",0,0,1
"336","right_knee_min_ang_vel_stand2sit",0,0,1
"337","right_knee_min_ang_acc_stand2sit",0,0,1
"338","left_hip_range_mean_stand2sit",0,0,1
"339","left_hip_sd_stand2sit",0,0,1
"341","left_hip_min_stand2sit",0,0,1
"343","left_hip_min_mean_stand2sit",0,0,1
"346","left_hip_ang_vel_stand2sit",0,0,1
"347","left_hip_ang_acc_stand2sit",0,0,1
"348","left_hip_max_ang_vel_stand2sit",0,0,1
"349","left_hip_max_ang_acc_stand2sit",0,0,1
"350","left_hip_min_ang_vel_stand2sit",0,0,1
"351","left_hip_min_ang_acc_stand2sit",0,0,1
"352","right_hip_range_mean_stand2sit",0,0,1
"354","right_hip_max_stand2sit",0,0,1
"355","right_hip_min_stand2sit",0,0,1
"356","right_hip_max_mean_stand2sit",0,0,1
"357","right_hip_min_mean_stand2sit",0,0,1
"358","right_hip_max_sd_stand2sit",0,0,1
"360","right_hip_ang_vel_stand2sit",0,0,1
"361","right_hip_ang_acc_stand2sit",0,0,1
"362","right_hip_max_ang_vel_stand2sit",0,0,1
"363","right_hip_max_ang_acc_stand2sit",0,0,1
"364","right_hip_min_ang_vel_stand2sit",0,0,1
"365","right_hip_min_ang_acc_stand2sit",0,0,1
"366","left_ankle_range_mean_stand2sit",0,0,1
"367","left_ankle_sd_stand2sit",0,0,1
"368","left_ankle_max_stand2sit",0,0,1
"369","left_ankle_min_stand2sit",0,0,1
"370","left_ankle_max_mean_stand2sit",0,0,1
"371","left_ankle_min_mean_stand2sit",0,0,1
"372","left_ankle_max_sd_stand2sit",0,0,1
"373","left_ankle_min_sd_stand2sit",0,0,1
"377","left_ankle_max_ang_acc_stand2sit",0,0,1
"378","left_ankle_min_ang_vel_stand2sit",0,0,1
"379","left_ankle_min_ang_acc_stand2sit",0,0,1
"380","right_ankle_range_mean_stand2sit",0,0,1
"381","right_ankle_sd_stand2sit",0,0,1
"382","right_ankle_max_stand2sit",0,0,1
"383","right_ankle_min_stand2sit",0,0,1
"384","right_ankle_max_mean_stand2sit",0,0,1
"385","right_ankle_min_mean_stand2sit",0,0,1
"386","right_ankle_max_sd_stand2sit",0,0,1
"387","right_ankle_min_sd_stand2sit",0,0,1
"388","right_ankle_ang_vel_stand2sit",0,0,1
"389","right_ankle_ang_acc_stand2sit",0,0,1
"390","right_ankle_max_ang_vel_stand2sit",0,0,1
"391","right_ankle_max_ang_acc_stand2sit",0,0,1
"392","right_ankle_min_ang_vel_stand2sit",0,0,1
"393","right_ankle_min_ang_acc_stand2sit",0,0,1
"394","trunk_lean_range_mean_stand2sit",0,0,1
"396","trunk_lean_max_stand2sit",0,0,1
"398","trunk_lean_max_mean_stand2sit",0,0,1
"400","trunk_lean_max_sd_stand2sit",0,0,1
"401","trunk_lean_min_sd_stand2sit",0,0,1
"402","trunk_lean_ang_vel_stand2sit",0,0,1
"403","trunk_lean_ang_acc_stand2sit",0,0,1
"404","trunk_lean_max_ang_vel_stand2sit",0,0,1
"406","trunk_lean_min_ang_vel_stand2sit",0,0,1
"407","trunk_lean_min_ang_acc_stand2sit",0,0,1
"408","left_shank_angle_range_mean_stand2sit",0,0,1
"409","left_shank_angle_sd_stand2sit",0,0,1
"410","left_shank_angle_max_stand2sit",0,0,1
"411","left_shank_angle_min_stand2sit",0,0,1
"412","left_shank_angle_max_mean_stand2sit",0,0,1
"413","left_shank_angle_min_mean_stand2sit",0,0,1
"415","left_shank_angle_min_sd_stand2sit",0,0,1
"416","left_shank_angle_ang_vel_stand2sit",0,0,1
"417","left_shank_angle_ang_acc_stand2sit",0,0,1
"419","left_shank_angle_max_ang_acc_stand2sit",0,0,1
"420","left_shank_angle_min_ang_vel_stand2sit",0,0,1
"421","left_shank_angle_min_ang_acc_stand2sit",0,0,1
"422","right_shank_angle_range_mean_stand2sit",0,0,1
"423","right_shank_angle_sd_stand2sit",0,0,1
"424","right_shank_angle_max_stand2sit",0,0,1
"425","right_shank_angle_min_stand2sit",0,0,1
"426","right_shank_angle_max_mean_stand2sit",0,0,1
"427","right_shank_angle_min_mean_stand2sit",0,0,1
"428","right_shank_angle_max_sd_stand2sit",0,0,1
"429","right_shank_angle_min_sd_stand2sit",0,0,1
"430","right_shank_angle_ang_vel_stand2sit",0,0,1
"431","right_shank_angle_ang_acc_stand2sit",0,0,1
"432","right_shank_angle_max_ang_vel_stand2sit",0,0,1
"433","right_shank_angle_max_ang_acc_stand2sit",0,0,1
"434","right_shank_angle_min_ang_vel_stand2sit",0,0,1
"435","right_shank_angle_min_ang_acc_stand2sit",0,0,1
"436","alignment_range_mean_stand2sit",0,0,1
"437","alignment_sd_stand2sit",0,0,1
"438","alignment_max_stand2sit",0,0,1
"439","alignment_min_stand2sit",0,0,1
"441","alignment_min_mean_stand2sit",0,0,1
"442","alignment_max_sd_stand2sit",0,0,1
"443","alignment_min_sd_stand2sit",0,0,1
"444","alignment_ang_vel_stand2sit",0,0,1
"445","alignment_ang_acc_stand2sit",0,0,1
"447","alignment_max_ang_acc_stand2sit",0,0,1
"448","alignment_min_ang_vel_stand2sit",0,0,1
"449","alignment_min_ang_acc_stand2sit",0,0,1
"450","pelvic_avg_speed",0,0,1
"451","pelvic_min_speed",0,0,1
"452","pelvic_max_speed",0,0,1
"453","pelvic_avg_acc",0,0,1
"454","pelvic_min_acc",0,0,1
"455","pelvic_max_acc",0,0,1
"457","pelvic_min_y_speed",0,0,1
"458","pelvic_max_y_speed",0,0,1
"460","pelvic_min_y_acc",0,0,1
"461","pelvic_max_y_acc",0,0,1
"462","neck_avg_speed",0,0,1
"463","neck_min_speed",0,0,1
"464","neck_max_speed",0,0,1
"465","neck_avg_acc",0,0,1
"466","neck_min_acc",0,0,1
"467","neck_max_acc",0,0,1
"469","neck_min_y_speed",0,0,1
"470","neck_max_y_speed",0,0,1
"471","neck_avg_y_acc",0,0,1
"472","neck_min_y_acc",0,0,1
"473","neck_max_y_acc",0,0,1
"474","pelvic_avg_speed_sit2stand",0,0,1
"475","pelvic_min_speed_sit2stand",0,0,1
"476","pelvic_max_speed_sit2stand",0,0,1
"477","pelvic_avg_acc_sit2stand",0,0,1
"479","pelvic_max_acc_sit2stand",0,0,1
"481","pelvic_min_y_speed_sit2stand",0,0,1
"482","pelvic_max_y_speed_sit2stand",0,0,1
"484","pelvic_min_y_acc_sit2stand",0,0,1
"485","pelvic_max_y_acc_sit2stand",0,0,1
"486","neck_avg_speed_sit2stand",0,0,1
"488","neck_max_speed_sit2stand",0,0,1
"490","neck_min_acc_sit2stand",0,0,1
"491","neck_max_acc_sit2stand",0,0,1
"493","neck_min_y_speed_sit2stand",0,0,1
"494","neck_max_y_speed_sit2stand",0,0,1
"495","neck_avg_y_acc_sit2stand",0,0,1
"496","neck_min_y_acc_sit2stand",0,0,1
"497","neck_max_y_acc_sit2stand",0,0,1
"498","pelvic_avg_speed_stand2sit",0,0,1
"500","pelvic_max_speed_stand2sit",0,0,1
"501","pelvic_avg_acc_stand2sit",0,0,1
"502","pelvic_min_acc_stand2sit",0,0,1
"503","pelvic_max_acc_stand2sit",0,0,1
"505","pelvic_min_y_speed_stand2sit",0,0,1
"506","pelvic_max_y_speed_stand2sit",0,0,1
"508","pelvic_min_y_acc_stand2sit",0,0,1
"509","pelvic_max_y_acc_stand2sit",0,0,1
"510","neck_avg_speed_stand2sit",0,0,1
"511","neck_min_speed_stand2sit",0,0,1
"512","neck_max_speed_stand2sit",0,0,1
"513","neck_avg_acc_stand2sit",0,0,1
"514","neck_min_acc_stand2sit",0,0,1
"515","neck_max_acc_stand2sit",0,0,1
"517","neck_min_y_speed_stand2sit",0,0,1
"518","neck_max_y_speed_stand2sit",0,0,1
"519","neck_avg_y_acc_stand2sit",0,0,1
"520","neck_min_y_acc_stand2sit",0,0,1
"521","neck_max_y_acc_stand2sit",0,0,1
"522","ank_to_hip_dist_sit",0,0,1
"523","ank_to_hip_dist_stand",0,0,1
"524","knee_to_hip_dist_sit",0,0,1
"525","knee_to_hip_dist_stand",0,0,1
"530","rknee_angle_first_stand",0,0,1
"542","time_diff_stand2sit",1,0.674497656609011,2
"553","left_knee_min_sd",1,-0.235410499423482,2
"554","left_knee_ang_vel",1,0.069160050056515,2
"555","left_knee_ang_acc",1,0.068120312775648,2
"590","right_hip_max",1,-0.00960280330187382,2
"622","right_ankle_max_sd",1,-0.0677421032701268,2
"624","right_ankle_ang_vel",1,-0.0475603268353943,2
"625","right_ankle_ang_acc",1,-0.0471598011164164,2
"643","trunk_lean_min_ang_acc",1,0.00346514910144073,2
"652","left_shank_angle_ang_vel",1,-0.228534524476112,2
"653","left_shank_angle_ang_acc",1,-0.224693838404958,2
"670","right_shank_angle_min_ang_vel",1,0.0123949165754684,2
"711","left_knee_max_ang_acc_sit2stand",1,-1.29602165044988e-05,2
"712","left_knee_min_ang_vel_sit2stand",1,-0.000636717942633494,2
"726","right_knee_min_ang_vel_sit2stand",1,0.00031268744478996,2
"744","right_hip_max_sit2stand",1,-0.00952143475923819,2
"753","right_hip_max_ang_acc_sit2stand",1,3.75930353769766e-05,2
"764","left_ankle_ang_vel_sit2stand",1,0.0162870689204065,2
"765","left_ankle_ang_acc_sit2stand",1,0.0158355218430875,2
"791","trunk_lean_min_sd_sit2stand",1,-0.436123835549636,2
"840","left_knee_range_mean_stand2sit",1,-0.0177997633066338,2
"842","left_knee_max_stand2sit",1,-0.0387739474025771,2
"875","left_hip_min_sd_stand2sit",1,-0.146265963886035,2
"935","trunk_lean_max_ang_acc_stand2sit",1,-0.00113165890658937,2
"970","alignment_max_mean_stand2sit",1,-0.00492741599172546,2
"976","alignment_max_ang_vel_stand2sit",1,-0.00678579352779174,2
"989","pelvic_avg_y_acc",1,-1.79371629554701,2
"998","neck_avg_y_speed",1,2.42889474906145,2
"1013","pelvic_avg_y_acc_sit2stand",1,-1.78806729702251,2
"1022","neck_avg_y_speed_sit2stand",1,2.39129234116955,2
"1029","pelvic_min_speed_stand2sit",1,-8.53107299932186,2
"1037","pelvic_avg_y_acc_stand2sit",1,-1.7424262253014,2
"1046","neck_avg_y_speed_stand2sit",1,2.17826695801444,2
"1056","height",1,-16.0417484957352,2
"1058","rknee_angle_first_sit",1,-0.00502144304959216,2
"535","speed_sd",0.5,-3.00976600970116,2
"537","time_diff_sit2stand",0.5,-0.773168417761032,2
"546","left_knee_range_mean",0.5,0.00878065995548335,2
"552","left_knee_max_sd",0.5,0.0922068815684028,2
"559","left_knee_min_ang_acc",0.5,-0.000211875537217217,2
"560","right_knee_range_mean",0.5,0.00646981083987771,2
"568","right_knee_ang_vel",0.5,0.0115006733157866,2
"569","right_knee_ang_acc",0.5,0.0115368286165784,2
"570","right_knee_max_ang_vel",0.5,0.00171069766759939,2
"576","left_hip_max",0.5,-0.0120847034222226,2
"578","left_hip_max_mean",0.5,-0.0150836384402447,2
"580","left_hip_max_sd",0.5,0.091073087782159,2
"581","left_hip_min_sd",0.5,0.0952108569469084,2
"585","left_hip_max_ang_acc",0.5,0.000492312869089431,2
"599","right_hip_max_ang_acc",0.5,0.000680295346752902,2
"602","left_ankle_range_mean",0.5,0.00196718502362589,2
"608","left_ankle_max_sd",0.5,-0.00841773355159913,2
"610","left_ankle_ang_vel",0.5,-0.0278428851519653,2
"611","left_ankle_ang_acc",0.5,-0.0272959027894258,2
"637","trunk_lean_min_sd",0.5,-0.0349189044254079,2
"638","trunk_lean_ang_vel",0.5,-0.0267661122795695,2
"639","trunk_lean_ang_acc",0.5,-0.0265260689604447,2
"640","trunk_lean_max_ang_vel",0.5,-0.00782633687488285,2
"651","left_shank_angle_min_sd",0.5,0.209313420703494,2
"654","left_shank_angle_max_ang_vel",0.5,0.00967120895667267,2
"656","left_shank_angle_min_ang_vel",0.5,0.00162199794626915,2
"665","right_shank_angle_min_sd",0.5,0.00739328289214236,2
"676","alignment_max_mean",0.5,-0.00146544559262047,2
"680","alignment_ang_vel",0.5,0.0247248957863494,2
"681","alignment_ang_acc",0.5,0.0244931723419638,2
"690","trunk_max_mean",0.5,-0.00171101053806818,2
"693","trunk_min_sd",0.5,0.0156169043660971,2
"696","trunk_max_ang_vel",0.5,0.00265956339635032,2
"697","trunk_max_ang_acc",0.5,-0.000118876705162979,2
"700","left_knee_range_mean_sit2stand",0.5,-0.00127327108102238,2
"704","left_knee_max_mean_sit2stand",0.5,-6.97970467214626e-05,2
"707","left_knee_min_sd_sit2stand",0.5,-0.0299744223578215,2
"720","right_knee_max_sd_sit2stand",0.5,-0.0102912671034058,2
"725","right_knee_max_ang_acc_sit2stand",0.5,-1.61653381737379e-06,2
"729","left_hip_sd_sit2stand",0.5,-0.00721293626341188,2
"740","left_hip_min_ang_vel_sit2stand",0.5,0.0031290718080019,2
"741","left_hip_min_ang_acc_sit2stand",0.5,-0.000696613486432837,2
"749","right_hip_min_sd_sit2stand",0.5,-0.0124359472187611,2
"755","right_hip_min_ang_acc_sit2stand",0.5,1.32496774193673e-05,2
"756","left_ankle_range_mean_sit2stand",0.5,-0.00128806430874109,2
"761","left_ankle_min_mean_sit2stand",0.5,0.00397549967125589,2
"768","left_ankle_min_ang_vel_sit2stand",0.5,-0.00186698880990631,2
"769","left_ankle_min_ang_acc_sit2stand",0.5,2.40027148080352e-05,2
"775","right_ankle_min_mean_sit2stand",0.5,0.0059742120436528,2
"778","right_ankle_ang_vel_sit2stand",0.5,-0.00355489534636301,2
"779","right_ankle_ang_acc_sit2stand",0.5,-0.00337849574133133,2
"787","trunk_lean_min_sit2stand",0.5,0.0309768639899396,2
"790","trunk_lean_max_sd_sit2stand",0.5,0.0807925475566338,2
"795","trunk_lean_max_ang_acc_sit2stand",0.5,0.000357296540849347,2
"797","trunk_lean_min_ang_acc_sit2stand",0.5,0.00117828856343796,2
"799","left_shank_angle_sd_sit2stand",0.5,-0.07422081848561,2
"801","left_shank_angle_min_sit2stand",0.5,-0.0122629798668903,2
"802","left_shank_angle_max_mean_sit2stand",0.5,-0.00894363972988302,2
"806","left_shank_angle_ang_vel_sit2stand",0.5,-0.0133011284485118,2
"807","left_shank_angle_ang_acc_sit2stand",0.5,-0.0131718085681716,2
"808","left_shank_angle_max_ang_vel_sit2stand",0.5,0.00343552461723326,2
"810","left_shank_angle_min_ang_vel_sit2stand",0.5,0.00427732699144979,2
"815","right_shank_angle_min_sit2stand",0.5,0.00173599468976914,2
"817","right_shank_angle_min_mean_sit2stand",0.5,0.00158799291403142,2
"841","left_knee_sd_stand2sit",0.5,-0.0334650810806353,2
"843","left_knee_min_stand2sit",0.5,0.011202444080245,2
"844","left_knee_max_mean_stand2sit",0.5,-0.00249154169217592,2
"846","left_knee_max_sd_stand2sit",0.5,-0.0578470082555055,2
"850","left_knee_max_ang_vel_stand2sit",0.5,0.00618389521082496,2
"851","left_knee_max_ang_acc_stand2sit",0.5,3.50964650952381e-05,2
"870","left_hip_max_stand2sit",0.5,-0.00171398637491043,2
"872","left_hip_max_mean_stand2sit",0.5,-0.00265791628710011,2
"874","left_hip_max_sd_stand2sit",0.5,0.0403851034170949,2
"883","right_hip_sd_stand2sit",0.5,-0.00259543702200092,2
"886","right_hip_max_mean_stand2sit",0.5,-0.00749344208376124,2
"889","right_hip_min_sd_stand2sit",0.5,-0.0274608142109317,2
"898","left_ankle_max_stand2sit",0.5,-0.00225984851402614,2
"901","left_ankle_min_mean_stand2sit",0.5,-0.0120442153497461,2
"904","left_ankle_ang_vel_stand2sit",0.5,-0.0125228555993472,2
"905","left_ankle_ang_acc_stand2sit",0.5,-0.0125009263576617,2
"906","left_ankle_max_ang_vel_stand2sit",0.5,0.000139743799084284,2
"925","trunk_lean_sd_stand2sit",0.5,-0.0338967499565789,2
"927","trunk_lean_min_stand2sit",0.5,0.0134874388021835,2
"929","trunk_lean_min_mean_stand2sit",0.5,0.0511443269254259,2
"939","left_shank_angle_sd_stand2sit",0.5,-0.0846805285121678,2
"944","left_shank_angle_max_sd_stand2sit",0.5,-0.0258079971013983,2
"945","left_shank_angle_min_sd_stand2sit",0.5,0.162147017961578,2
"948","left_shank_angle_max_ang_vel_stand2sit",0.5,0.00855512807664803,2
"957","right_shank_angle_min_mean_stand2sit",0.5,0.00368789736462591,2
"959","right_shank_angle_min_sd_stand2sit",0.5,0.0932937702536329,2
"984","pelvic_min_acc",0.5,-0.0942893381857593,2
"986","pelvic_avg_y_speed",0.5,0.541192503996339,2
"993","neck_min_speed",0.5,3.86147439661157,2
"1001","neck_avg_y_acc",0.5,0.358441195324365,2
"1008","pelvic_min_acc_sit2stand",0.5,-0.812761280216308,2
"1010","pelvic_avg_y_speed_sit2stand",0.5,0.553829888059908,2
"1017","neck_min_speed_sit2stand",0.5,-2.44277023347203,2
"1019","neck_avg_acc_sit2stand",0.5,0.0123336752823861,2
"1025","neck_avg_y_acc_sit2stand",0.5,0.352198903542459,2
"1034","pelvic_avg_y_speed_stand2sit",0.5,0.504895729280096,2
"1041","neck_min_speed_stand2sit",0.5,0.469770812496738,2
"1044","neck_min_acc_stand2sit",0.5,-0.567107397013962,2
"1049","neck_avg_y_acc_stand2sit",0.5,0.343188183932315,2
"1052","ank_to_hip_dist_sit",0.5,-0.203742401023395,2
"1055","knee_to_hip_dist_stand",0.5,0.190691066697888,2
"1057","lknee_angle_first_sit",0.5,0.00514628564827822,2
"1059","lknee_angle_first_stand",0.5,-0.00354677127616918,2
"531","time",0,0,2
"532","time_diff",0,0,2
"533","speed",0,0,2
"534","time_sd",0,0,2
"536","time_sit2stand",0,0,2
"538","speed_sit2stand",0,0,2
"539","time_sd_sit2stand",0,0,2
"540","speed_sd_sit2stand",0,0,2
"541","time_stand2sit",0,0,2
"543","speed_stand2sit",0,0,2
"544","time_sd_stand2sit",0,0,2
"545","speed_sd_stand2sit",0,0,2
"547","left_knee_sd",0,0,2
"548","left_knee_max",0,0,2
"549","left_knee_min",0,0,2
"550","left_knee_max_mean",0,0,2
"551","left_knee_min_mean",0,0,2
"556","left_knee_max_ang_vel",0,0,2
"557","left_knee_max_ang_acc",0,0,2
"558","left_knee_min_ang_vel",0,0,2
"561","right_knee_sd",0,0,2
"562","right_knee_max",0,0,2
"563","right_knee_min",0,0,2
"564","right_knee_max_mean",0,0,2
"565","right_knee_min_mean",0,0,2
"566","right_knee_max_sd",0,0,2
"567","right_knee_min_sd",0,0,2
"571","right_knee_max_ang_acc",0,0,2
"572","right_knee_min_ang_vel",0,0,2
"573","right_knee_min_ang_acc",0,0,2
"574","left_hip_range_mean",0,0,2
"575","left_hip_sd",0,0,2
"577","left_hip_min",0,0,2
"579","left_hip_min_mean",0,0,2
"582","left_hip_ang_vel",0,0,2
"583","left_hip_ang_acc",0,0,2
"584","left_hip_max_ang_vel",0,0,2
"586","left_hip_min_ang_vel",0,0,2
"587","left_hip_min_ang_acc",0,0,2
"588","right_hip_range_mean",0,0,2
"589","right_hip_sd",0,0,2
"591","right_hip_min",0,0,2
"592","right_hip_max_mean",0,0,2
"593","right_hip_min_mean",0,0,2
"594","right_hip_max_sd",0,0,2
"595","right_hip_min_sd",0,0,2
"596","right_hip_ang_vel",0,0,2
"597","right_hip_ang_acc",0,0,2
"598","right_hip_max_ang_vel",0,0,2
"600","right_hip_min_ang_vel",0,0,2
"601","right_hip_min_ang_acc",0,0,2
"603","left_ankle_sd",0,0,2
"604","left_ankle_max",0,0,2
"605","left_ankle_min",0,0,2
"606","left_ankle_max_mean",0,0,2
"607","left_ankle_min_mean",0,0,2
"609","left_ankle_min_sd",0,0,2
"612","left_ankle_max_ang_vel",0,0,2
"613","left_ankle_max_ang_acc",0,0,2
"614","left_ankle_min_ang_vel",0,0,2
"615","left_ankle_min_ang_acc",0,0,2
"616","right_ankle_range_mean",0,0,2
"617","right_ankle_sd",0,0,2
"618","right_ankle_max",0,0,2
"619","right_ankle_min",0,0,2
"620","right_ankle_max_mean",0,0,2
"621","right_ankle_min_mean",0,0,2
"623","right_ankle_min_sd",0,0,2
"626","right_ankle_max_ang_vel",0,0,2
"627","right_ankle_max_ang_acc",0,0,2
"628","right_ankle_min_ang_vel",0,0,2
"629","right_ankle_min_ang_acc",0,0,2
"630","trunk_lean_range_mean",0,0,2
"631","trunk_lean_sd",0,0,2
"632","trunk_lean_max",0,0,2
"633","trunk_lean_min",0,0,2
"634","trunk_lean_max_mean",0,0,2
"635","trunk_lean_min_mean",0,0,2
"636","trunk_lean_max_sd",0,0,2
"641","trunk_lean_max_ang_acc",0,0,2
"642","trunk_lean_min_ang_vel",0,0,2
"644","left_shank_angle_range_mean",0,0,2
"645","left_shank_angle_sd",0,0,2
"646","left_shank_angle_max",0,0,2
"647","left_shank_angle_min",0,0,2
"648","left_shank_angle_max_mean",0,0,2
"649","left_shank_angle_min_mean",0,0,2
"650","left_shank_angle_max_sd",0,0,2
"655","left_shank_angle_max_ang_acc",0,0,2
"657","left_shank_angle_min_ang_acc",0,0,2
"658","right_shank_angle_range_mean",0,0,2
"659","right_shank_angle_sd",0,0,2
"660","right_shank_angle_max",0,0,2
"661","right_shank_angle_min",0,0,2
"662","right_shank_angle_max_mean",0,0,2
"663","right_shank_angle_min_mean",0,0,2
"664","right_shank_angle_max_sd",0,0,2
"666","right_shank_angle_ang_vel",0,0,2
"667","right_shank_angle_ang_acc",0,0,2
"668","right_shank_angle_max_ang_vel",0,0,2
"669","right_shank_angle_max_ang_acc",0,0,2
"671","right_shank_angle_min_ang_acc",0,0,2
"672","alignment_range_mean",0,0,2
"673","alignment_sd",0,0,2
"674","alignment_max",0,0,2
"675","alignment_min",0,0,2
"677","alignment_min_mean",0,0,2
"678","alignment_max_sd",0,0,2
"679","alignment_min_sd",0,0,2
"682","alignment_max_ang_vel",0,0,2
"683","alignment_max_ang_acc",0,0,2
"684","alignment_min_ang_vel",0,0,2
"685","alignment_min_ang_acc",0,0,2
"686","trunk_range_mean",0,0,2
"687","trunk_sd",0,0,2
"688","trunk_max",0,0,2
"689","trunk_min",0,0,2
"691","trunk_min_mean",0,0,2
"692","trunk_max_sd",0,0,2
"694","trunk_ang_vel",0,0,2
"695","trunk_ang_acc",0,0,2
"698","trunk_min_ang_vel",0,0,2
"699","trunk_min_ang_acc",0,0,2
"701","left_knee_sd_sit2stand",0,0,2
"702","left_knee_max_sit2stand",0,0,2
"703","left_knee_min_sit2stand",0,0,2
"705","left_knee_min_mean_sit2stand",0,0,2
"706","left_knee_max_sd_sit2stand",0,0,2
"708","left_knee_ang_vel_sit2stand",0,0,2
"709","left_knee_ang_acc_sit2stand",0,0,2
"710","left_knee_max_ang_vel_sit2stand",0,0,2
"713","left_knee_min_ang_acc_sit2stand",0,0,2
"714","right_knee_range_mean_sit2stand",0,0,2
"715","right_knee_sd_sit2stand",0,0,2
"716","right_knee_max_sit2stand",0,0,2
"717","right_knee_min_sit2stand",0,0,2
"718","right_knee_max_mean_sit2stand",0,0,2
"719","right_knee_min_mean_sit2stand",0,0,2
"721","right_knee_min_sd_sit2stand",0,0,2
"722","right_knee_ang_vel_sit2stand",0,0,2
"723","right_knee_ang_acc_sit2stand",0,0,2
"724","right_knee_max_ang_vel_sit2stand",0,0,2
"727","right_knee_min_ang_acc_sit2stand",0,0,2
"728","left_hip_range_mean_sit2stand",0,0,2
"730","left_hip_max_sit2stand",0,0,2
"731","left_hip_min_sit2stand",0,0,2
"732","left_hip_max_mean_sit2stand",0,0,2
"733","left_hip_min_mean_sit2stand",0,0,2
"734","left_hip_max_sd_sit2stand",0,0,2
"735","left_hip_min_sd_sit2stand",0,0,2
"736","left_hip_ang_vel_sit2stand",0,0,2
"737","left_hip_ang_acc_sit2stand",0,0,2
"738","left_hip_max_ang_vel_sit2stand",0,0,2
"739","left_hip_max_ang_acc_sit2stand",0,0,2
"742","right_hip_range_mean_sit2stand",0,0,2
"743","right_hip_sd_sit2stand",0,0,2
"745","right_hip_min_sit2stand",0,0,2
"746","right_hip_max_mean_sit2stand",0,0,2
"747","right_hip_min_mean_sit2stand",0,0,2
"748","right_hip_max_sd_sit2stand",0,0,2
"750","right_hip_ang_vel_sit2stand",0,0,2
"751","right_hip_ang_acc_sit2stand",0,0,2
"752","right_hip_max_ang_vel_sit2stand",0,0,2
"754","right_hip_min_ang_vel_sit2stand",0,0,2
"757","left_ankle_sd_sit2stand",0,0,2
"758","left_ankle_max_sit2stand",0,0,2
"759","left_ankle_min_sit2stand",0,0,2
"760","left_ankle_max_mean_sit2stand",0,0,2
"762","left_ankle_max_sd_sit2stand",0,0,2
"763","left_ankle_min_sd_sit2stand",0,0,2
"766","left_ankle_max_ang_vel_sit2stand",0,0,2
"767","left_ankle_max_ang_acc_sit2stand",0,0,2
"770","right_ankle_range_mean_sit2stand",0,0,2
"771","right_ankle_sd_sit2stand",0,0,2
"772","right_ankle_max_sit2stand",0,0,2
"773","right_ankle_min_sit2stand",0,0,2
"774","right_ankle_max_mean_sit2stand",0,0,2
"776","right_ankle_max_sd_sit2stand",0,0,2
"777","right_ankle_min_sd_sit2stand",0,0,2
"780","right_ankle_max_ang_vel_sit2stand",0,0,2
"781","right_ankle_max_ang_acc_sit2stand",0,0,2
"782","right_ankle_min_ang_vel_sit2stand",0,0,2
"783","right_ankle_min_ang_acc_sit2stand",0,0,2
"784","trunk_lean_range_mean_sit2stand",0,0,2
"785","trunk_lean_sd_sit2stand",0,0,2
"786","trunk_lean_max_sit2stand",0,0,2
"788","trunk_lean_max_mean_sit2stand",0,0,2
"789","trunk_lean_min_mean_sit2stand",0,0,2
"792","trunk_lean_ang_vel_sit2stand",0,0,2
"793","trunk_lean_ang_acc_sit2stand",0,0,2
"794","trunk_lean_max_ang_vel_sit2stand",0,0,2
"796","trunk_lean_min_ang_vel_sit2stand",0,0,2
"798","left_shank_angle_range_mean_sit2stand",0,0,2
"800","left_shank_angle_max_sit2stand",0,0,2
"803","left_shank_angle_min_mean_sit2stand",0,0,2
"804","left_shank_angle_max_sd_sit2stand",0,0,2
"805","left_shank_angle_min_sd_sit2stand",0,0,2
"809","left_shank_angle_max_ang_acc_sit2stand",0,0,2
"811","left_shank_angle_min_ang_acc_sit2stand",0,0,2
"812","right_shank_angle_range_mean_sit2stand",0,0,2
"813","right_shank_angle_sd_sit2stand",0,0,2
"814","right_shank_angle_max_sit2stand",0,0,2
"816","right_shank_angle_max_mean_sit2stand",0,0,2
"818","right_shank_angle_max_sd_sit2stand",0,0,2
"819","right_shank_angle_min_sd_sit2stand",0,0,2
"820","right_shank_angle_ang_vel_sit2stand",0,0,2
"821","right_shank_angle_ang_acc_sit2stand",0,0,2
"822","right_shank_angle_max_ang_vel_sit2stand",0,0,2
"823","right_shank_angle_max_ang_acc_sit2stand",0,0,2
"824","right_shank_angle_min_ang_vel_sit2stand",0,0,2
"825","right_shank_angle_min_ang_acc_sit2stand",0,0,2
"826","alignment_range_mean_sit2stand",0,0,2
"827","alignment_sd_sit2stand",0,0,2
"828","alignment_max_sit2stand",0,0,2
"829","alignment_min_sit2stand",0,0,2
"830","alignment_max_mean_sit2stand",0,0,2
"831","alignment_min_mean_sit2stand",0,0,2
"832","alignment_max_sd_sit2stand",0,0,2
"833","alignment_min_sd_sit2stand",0,0,2
"834","alignment_ang_vel_sit2stand",0,0,2
"835","alignment_ang_acc_sit2stand",0,0,2
"836","alignment_max_ang_vel_sit2stand",0,0,2
"837","alignment_max_ang_acc_sit2stand",0,0,2
"838","alignment_min_ang_vel_sit2stand",0,0,2
"839","alignment_min_ang_acc_sit2stand",0,0,2
"845","left_knee_min_mean_stand2sit",0,0,2
"847","left_knee_min_sd_stand2sit",0,0,2
"848","left_knee_ang_vel_stand2sit",0,0,2
"849","left_knee_ang_acc_stand2sit",0,0,2
"852","left_knee_min_ang_vel_stand2sit",0,0,2
"853","left_knee_min_ang_acc_stand2sit",0,0,2
"854","right_knee_range_mean_stand2sit",0,0,2
"855","right_knee_sd_stand2sit",0,0,2
"856","right_knee_max_stand2sit",0,0,2
"857","right_knee_min_stand2sit",0,0,2
"858","right_knee_max_mean_stand2sit",0,0,2
"859","right_knee_min_mean_stand2sit",0,0,2
"860","right_knee_max_sd_stand2sit",0,0,2
"861","right_knee_min_sd_stand2sit",0,0,2
"862","right_knee_ang_vel_stand2sit",0,0,2
"863","right_knee_ang_acc_stand2sit",0,0,2
"864","right_knee_max_ang_vel_stand2sit",0,0,2
"865","right_knee_max_ang_acc_stand2sit",0,0,2
"866","right_knee_min_ang_vel_stand2sit",0,0,2
"867","right_knee_min_ang_acc_stand2sit",0,0,2
"868","left_hip_range_mean_stand2sit",0,0,2
"869","left_hip_sd_stand2sit",0,0,2
"871","left_hip_min_stand2sit",0,0,2
"873","left_hip_min_mean_stand2sit",0,0,2
"876","left_hip_ang_vel_stand2sit",0,0,2
"877","left_hip_ang_acc_stand2sit",0,0,2
"878","left_hip_max_ang_vel_stand2sit",0,0,2
"879","left_hip_max_ang_acc_stand2sit",0,0,2
"880","left_hip_min_ang_vel_stand2sit",0,0,2
"881","left_hip_min_ang_acc_stand2sit",0,0,2
"882","right_hip_range_mean_stand2sit",0,0,2
"884","right_hip_max_stand2sit",0,0,2
"885","right_hip_min_stand2sit",0,0,2
"887","right_hip_min_mean_stand2sit",0,0,2
"888","right_hip_max_sd_stand2sit",0,0,2
"890","right_hip_ang_vel_stand2sit",0,0,2
"891","right_hip_ang_acc_stand2sit",0,0,2
"892","right_hip_max_ang_vel_stand2sit",0,0,2
"893","right_hip_max_ang_acc_stand2sit",0,0,2
"894","right_hip_min_ang_vel_stand2sit",0,0,2
"895","right_hip_min_ang_acc_stand2sit",0,0,2
"896","left_ankle_range_mean_stand2sit",0,0,2
"897","left_ankle_sd_stand2sit",0,0,2
"899","left_ankle_min_stand2sit",0,0,2
"900","left_ankle_max_mean_stand2sit",0,0,2
"902","left_ankle_max_sd_stand2sit",0,0,2
"903","left_ankle_min_sd_stand2sit",0,0,2
"907","left_ankle_max_ang_acc_stand2sit",0,0,2
"908","left_ankle_min_ang_vel_stand2sit",0,0,2
"909","left_ankle_min_ang_acc_stand2sit",0,0,2
"910","right_ankle_range_mean_stand2sit",0,0,2
"911","right_ankle_sd_stand2sit",0,0,2
"912","right_ankle_max_stand2sit",0,0,2
"913","right_ankle_min_stand2sit",0,0,2
"914","right_ankle_max_mean_stand2sit",0,0,2
"915","right_ankle_min_mean_stand2sit",0,0,2
"916","right_ankle_max_sd_stand2sit",0,0,2
"917","right_ankle_min_sd_stand2sit",0,0,2
"918","right_ankle_ang_vel_stand2sit",0,0,2
"919","right_ankle_ang_acc_stand2sit",0,0,2
"920","right_ankle_max_ang_vel_stand2sit",0,0,2
"921","right_ankle_max_ang_acc_stand2sit",0,0,2
"922","right_ankle_min_ang_vel_stand2sit",0,0,2
"923","right_ankle_min_ang_acc_stand2sit",0,0,2
"924","trunk_lean_range_mean_stand2sit",0,0,2
"926","trunk_lean_max_stand2sit",0,0,2
"928","trunk_lean_max_mean_stand2sit",0,0,2
"930","trunk_lean_max_sd_stand2sit",0,0,2
"931","trunk_lean_min_sd_stand2sit",0,0,2
"932","trunk_lean_ang_vel_stand2sit",0,0,2
"933","trunk_lean_ang_acc_stand2sit",0,0,2
"934","trunk_lean_max_ang_vel_stand2sit",0,0,2
"936","trunk_lean_min_ang_vel_stand2sit",0,0,2
"937","trunk_lean_min_ang_acc_stand2sit",0,0,2
"938","left_shank_angle_range_mean_stand2sit",0,0,2
"940","left_shank_angle_max_stand2sit",0,0,2
"941","left_shank_angle_min_stand2sit",0,0,2
"942","left_shank_angle_max_mean_stand2sit",0,0,2
"943","left_shank_angle_min_mean_stand2sit",0,0,2
"946","left_shank_angle_ang_vel_stand2sit",0,0,2
"947","left_shank_angle_ang_acc_stand2sit",0,0,2
"949","left_shank_angle_max_ang_acc_stand2sit",0,0,2
"950","left_shank_angle_min_ang_vel_stand2sit",0,0,2
"951","left_shank_angle_min_ang_acc_stand2sit",0,0,2
"952","right_shank_angle_range_mean_stand2sit",0,0,2
"953","right_shank_angle_sd_stand2sit",0,0,2
"954","right_shank_angle_max_stand2sit",0,0,2
"955","right_shank_angle_min_stand2sit",0,0,2
"956","right_shank_angle_max_mean_stand2sit",0,0,2
"958","right_shank_angle_max_sd_stand2sit",0,0,2
"960","right_shank_angle_ang_vel_stand2sit",0,0,2
"961","right_shank_angle_ang_acc_stand2sit",0,0,2
"962","right_shank_angle_max_ang_vel_stand2sit",0,0,2
"963","right_shank_angle_max_ang_acc_stand2sit",0,0,2
"964","right_shank_angle_min_ang_vel_stand2sit",0,0,2
"965","right_shank_angle_min_ang_acc_stand2sit",0,0,2
"966","alignment_range_mean_stand2sit",0,0,2
"967","alignment_sd_stand2sit",0,0,2
"968","alignment_max_stand2sit",0,0,2
"969","alignment_min_stand2sit",0,0,2
"971","alignment_min_mean_stand2sit",0,0,2
"972","alignment_max_sd_stand2sit",0,0,2
"973","alignment_min_sd_stand2sit",0,0,2
"974","alignment_ang_vel_stand2sit",0,0,2
"975","alignment_ang_acc_stand2sit",0,0,2
"977","alignment_max_ang_acc_stand2sit",0,0,2
"978","alignment_min_ang_vel_stand2sit",0,0,2
"979","alignment_min_ang_acc_stand2sit",0,0,2
"980","pelvic_avg_speed",0,0,2
"981","pelvic_min_speed",0,0,2
"982","pelvic_max_speed",0,0,2
"983","pelvic_avg_acc",0,0,2
"985","pelvic_max_acc",0,0,2
"987","pelvic_min_y_speed",0,0,2
"988","pelvic_max_y_speed",0,0,2
"990","pelvic_min_y_acc",0,0,2
"991","pelvic_max_y_acc",0,0,2
"992","neck_avg_speed",0,0,2
"994","neck_max_speed",0,0,2
"995","neck_avg_acc",0,0,2
"996","neck_min_acc",0,0,2
"997","neck_max_acc",0,0,2
"999","neck_min_y_speed",0,0,2
"1000","neck_max_y_speed",0,0,2
"1002","neck_min_y_acc",0,0,2
"1003","neck_max_y_acc",0,0,2
"1004","pelvic_avg_speed_sit2stand",0,0,2
"1005","pelvic_min_speed_sit2stand",0,0,2
"1006","pelvic_max_speed_sit2stand",0,0,2
"1007","pelvic_avg_acc_sit2stand",0,0,2
"1009","pelvic_max_acc_sit2stand",0,0,2
"1011","pelvic_min_y_speed_sit2stand",0,0,2
"1012","pelvic_max_y_speed_sit2stand",0,0,2
"1014","pelvic_min_y_acc_sit2stand",0,0,2
"1015","pelvic_max_y_acc_sit2stand",0,0,2
"1016","neck_avg_speed_sit2stand",0,0,2
"1018","neck_max_speed_sit2stand",0,0,2
"1020","neck_min_acc_sit2stand",0,0,2
"1021","neck_max_acc_sit2stand",0,0,2
"1023","neck_min_y_speed_sit2stand",0,0,2
"1024","neck_max_y_speed_sit2stand",0,0,2
"1026","neck_min_y_acc_sit2stand",0,0,2
"1027","neck_max_y_acc_sit2stand",0,0,2
"1028","pelvic_avg_speed_stand2sit",0,0,2
"1030","pelvic_max_speed_stand2sit",0,0,2
"1031","pelvic_avg_acc_stand2sit",0,0,2
"1032","pelvic_min_acc_stand2sit",0,0,2
"1033","pelvic_max_acc_stand2sit",0,0,2
"1035","pelvic_min_y_speed_stand2sit",0,0,2
"1036","pelvic_max_y_speed_stand2sit",0,0,2
"1038","pelvic_min_y_acc_stand2sit",0,0,2
"1039","pelvic_max_y_acc_stand2sit",0,0,2
"1040","neck_avg_speed_stand2sit",0,0,2
"1042","neck_max_speed_stand2sit",0,0,2
"1043","neck_avg_acc_stand2sit",0,0,2
"1045","neck_max_acc_stand2sit",0,0,2
"1047","neck_min_y_speed_stand2sit",0,0,2
"1048","neck_max_y_speed_stand2sit",0,0,2
"1050","neck_min_y_acc_stand2sit",0,0,2
"1051","neck_max_y_acc_stand2sit",0,0,2
"1053","ank_to_hip_dist_stand",0,0,2
"1054","knee_to_hip_dist_sit",0,0,2
"1060","rknee_angle_first_stand",0,0,2
"1072","time_diff_stand2sit",1,0.661900858278066,3
"1083","left_knee_min_sd",1,-0.190567658588004,3
"1084","left_knee_ang_vel",1,0.0685459062810716,3
"1085","left_knee_ang_acc",1,0.0676484701598924,3
"1120","right_hip_max",1,-0.0159577762704317,3
"1154","right_ankle_ang_vel",1,-0.0830533552895684,3
"1155","right_ankle_ang_acc",1,-0.0826311666249094,3
"1182","left_shank_angle_ang_vel",1,-0.162641313785675,3
"1183","left_shank_angle_ang_acc",1,-0.159952712417548,3
"1200","right_shank_angle_min_ang_vel",1,0.0150819428367359,3
"1241","left_knee_max_ang_acc_sit2stand",1,-1.99429713614416e-05,3
"1274","right_hip_max_sit2stand",1,-0.00874880817388499,3
"1283","right_hip_max_ang_acc_sit2stand",1,4.45468681009087e-05,3
"1294","left_ankle_ang_vel_sit2stand",1,0.0173723895545654,3
"1295","left_ankle_ang_acc_sit2stand",1,0.0170090480024257,3
"1370","left_knee_range_mean_stand2sit",1,-0.0188987178137501,3
"1519","pelvic_avg_y_acc",1,-1.59439553985527,3
"1528","neck_avg_y_speed",1,-2.75008447049307,3
"1543","pelvic_avg_y_acc_sit2stand",1,-1.57948095935295,3
"1552","neck_avg_y_speed_sit2stand",1,-2.86268107251509,3
"1567","pelvic_avg_y_acc_stand2sit",1,-1.52706879592765,3
"1576","neck_avg_y_speed_stand2sit",1,-2.89860731147837,3
"1586","height",1,-10.5734314196023,3
"1588","rknee_angle_first_sit",1,-0.00522912433245338,3
"1067","time_diff_sit2stand",0.666666666666667,-0.520797838890281,3
"1098","right_knee_ang_vel",0.666666666666667,-0.00941821139213683,3
"1099","right_knee_ang_acc",0.666666666666667,-0.00920281513967873,3
"1111","left_hip_min_sd",0.666666666666667,0.0699380196195634,3
"1140","left_ankle_ang_vel",0.666666666666667,-0.00966473054746433,3
"1141","left_ankle_ang_acc",0.666666666666667,-0.00929236702237153,3
"1152","right_ankle_max_sd",0.666666666666667,-0.0451614021800845,3
"1173","trunk_lean_min_ang_acc",0.666666666666667,0.00231009940096049,3
"1195","right_shank_angle_min_sd",0.666666666666667,0.0545744232256422,3
"1210","alignment_ang_vel",0.666666666666667,0.0420547533882062,3
"1211","alignment_ang_acc",0.666666666666667,0.0420399874633941,3
"1220","trunk_max_mean",0.666666666666667,-0.0290916176347738,3
"1237","left_knee_min_sd_sit2stand",0.666666666666667,-0.0402651804846605,3
"1242","left_knee_min_ang_vel_sit2stand",0.666666666666667,-0.000424478628422329,3
"1256","right_knee_min_ang_vel_sit2stand",0.666666666666667,0.00020845829652664,3
"1285","right_hip_min_ang_acc_sit2stand",0.666666666666667,0.000167075965750618,3
"1299","left_ankle_min_ang_acc_sit2stand",0.666666666666667,2.49572413923839e-05,3
"1308","right_ankle_ang_vel_sit2stand",0.666666666666667,-0.00921262416583827,3
"1309","right_ankle_ang_acc_sit2stand",0.666666666666667,-0.00904358066981856,3
"1317","trunk_lean_min_sit2stand",0.666666666666667,0.0242233125741239,3
"1321","trunk_lean_min_sd_sit2stand",0.666666666666667,-0.290749223699758,3
"1327","trunk_lean_min_ang_acc_sit2stand",0.666666666666667,0.00221999581609244,3
"1331","left_shank_angle_min_sit2stand",0.666666666666667,-0.0179502150431162,3
"1338","left_shank_angle_max_ang_vel_sit2stand",0.666666666666667,0.00434052970555658,3
"1372","left_knee_max_stand2sit",0.666666666666667,-0.0258492982683847,3
"1405","left_hip_min_sd_stand2sit",0.666666666666667,-0.0975106425906901,3
"1419","right_hip_min_sd_stand2sit",0.666666666666667,-0.137166487240506,3
"1455","trunk_lean_sd_stand2sit",0.666666666666667,-0.0487373836609696,3
"1459","trunk_lean_min_mean_stand2sit",0.666666666666667,0.0392907422893056,3
"1465","trunk_lean_max_ang_acc_stand2sit",0.666666666666667,-0.000754439271059578,3
"1469","left_shank_angle_sd_stand2sit",0.666666666666667,-0.0839118376440627,3
"1474","left_shank_angle_max_sd_stand2sit",0.666666666666667,-0.0244734456440769,3
"1475","left_shank_angle_min_sd_stand2sit",0.666666666666667,0.146832395451173,3
"1500","alignment_max_mean_stand2sit",0.666666666666667,-0.00328494399448364,3
"1506","alignment_max_ang_vel_stand2sit",0.666666666666667,-0.00452386235186116,3
"1516","pelvic_avg_y_speed",0.666666666666667,3.80486719476108,3
"1531","neck_avg_y_acc",0.666666666666667,0.615705786306201,3
"1540","pelvic_avg_y_speed_sit2stand",0.666666666666667,3.79421630043128,3
"1547","neck_min_speed_sit2stand",0.666666666666667,-4.22107370210703,3
"1555","neck_avg_y_acc_sit2stand",0.666666666666667,0.61080607990421,3
"1559","pelvic_min_speed_stand2sit",0.666666666666667,-5.68738199954791,3
"1564","pelvic_avg_y_speed_stand2sit",0.666666666666667,3.79302995069291,3
"1579","neck_avg_y_acc_stand2sit",0.666666666666667,0.592576484947496,3
"1585","knee_to_hip_dist_stand",0.666666666666667,0.646967698818704,3
"1587","lknee_angle_first_sit",0.666666666666667,0.00848760497878492,3
"1061","time",0.333333333333333,0.0192845104792636,3
"1062","time_diff",0.333333333333333,-0.192336030112347,3
"1065","speed_sd",0.333333333333333,-2.00651067313411,3
"1069","time_sd_sit2stand",0.333333333333333,0.947781993618622,3
"1076","left_knee_range_mean",0.333333333333333,0.00585377330365557,3
"1082","left_knee_max_sd",0.333333333333333,0.0614712543789352,3
"1089","left_knee_min_ang_acc",0.333333333333333,-0.000141250358144811,3
"1090","right_knee_range_mean",0.333333333333333,0.00431320722658514,3
"1100","right_knee_max_ang_vel",0.333333333333333,0.00114046511173293,3
"1106","left_hip_max",0.333333333333333,-0.00805646894814838,3
"1108","left_hip_max_mean",0.333333333333333,-0.0100557589601631,3
"1110","left_hip_max_sd",0.333333333333333,0.0607153918547727,3
"1115","left_hip_max_ang_acc",0.333333333333333,0.000328208579392954,3
"1117","left_hip_min_ang_acc",0.333333333333333,-0.000262233740241514,3
"1124","right_hip_max_sd",0.333333333333333,-0.0739846995431249,3
"1125","right_hip_min_sd",0.333333333333333,-0.064837067944643,3
"1129","right_hip_max_ang_acc",0.333333333333333,0.000453530231168601,3
"1132","left_ankle_range_mean",0.333333333333333,0.00131145668241726,3
"1138","left_ankle_max_sd",0.333333333333333,-0.00561182236773275,3
"1167","trunk_lean_min_sd",0.333333333333333,-0.0232792696169386,3
"1168","trunk_lean_ang_vel",0.333333333333333,-0.0178440748530463,3
"1169","trunk_lean_ang_acc",0.333333333333333,-0.0176840459736298,3
"1170","trunk_lean_max_ang_vel",0.333333333333333,-0.00521755791658857,3
"1172","trunk_lean_min_ang_vel",0.333333333333333,-0.00359562529902496,3
"1181","left_shank_angle_min_sd",0.333333333333333,0.139542280468996,3
"1184","left_shank_angle_max_ang_vel",0.333333333333333,0.00644747263778178,3
"1186","left_shank_angle_min_ang_vel",0.333333333333333,0.00108133196417943,3
"1196","right_shank_angle_ang_vel",0.333333333333333,0.00226536479948757,3
"1197","right_shank_angle_ang_acc",0.333333333333333,0.00240838396064759,3
"1206","alignment_max_mean",0.333333333333333,-0.000976963728413646,3
"1212","alignment_max_ang_vel",0.333333333333333,-0.00122235770856328,3
"1214","alignment_min_ang_vel",0.333333333333333,0.0021664771918911,3
"1223","trunk_min_sd",0.333333333333333,0.0104112695773981,3
"1226","trunk_max_ang_vel",0.333333333333333,0.00177304226423355,3
"1227","trunk_max_ang_acc",0.333333333333333,-7.92511367753191e-05,3
"1230","left_knee_range_mean_sit2stand",0.333333333333333,-0.00084884738734825,3
"1234","left_knee_max_mean_sit2stand",0.333333333333333,-4.65313644809751e-05,3
"1250","right_knee_max_sd_sit2stand",0.333333333333333,-0.00686084473560386,3
"1251","right_knee_min_sd_sit2stand",0.333333333333333,-0.00175146319117183,3
"1255","right_knee_max_ang_acc_sit2stand",0.333333333333333,-1.07768921158253e-06,3
"1259","left_hip_sd_sit2stand",0.333333333333333,-0.00480862417560792,3
"1270","left_hip_min_ang_vel_sit2stand",0.333333333333333,0.00208604787200126,3
"1271","left_hip_min_ang_acc_sit2stand",0.333333333333333,-0.000464408990955224,3
"1279","right_hip_min_sd_sit2stand",0.333333333333333,-0.00829063147917408,3
"1282","right_hip_max_ang_vel_sit2stand",0.333333333333333,0.000838085282422934,3
"1286","left_ankle_range_mean_sit2stand",0.333333333333333,-0.000858709539160724,3
"1291","left_ankle_min_mean_sit2stand",0.333333333333333,0.00265033311417059,3
"1298","left_ankle_min_ang_vel_sit2stand",0.333333333333333,-0.00124465920660421,3
"1305","right_ankle_min_mean_sit2stand",0.333333333333333,0.00398280802910187,3
"1319","trunk_lean_min_mean_sit2stand",0.333333333333333,0.0050464821489753,3
"1320","trunk_lean_max_sd_sit2stand",0.333333333333333,0.0538616983710892,3
"1325","trunk_lean_max_ang_acc_sit2stand",0.333333333333333,0.000238197693899565,3
"1329","left_shank_angle_sd_sit2stand",0.333333333333333,-0.0494805456570733,3
"1332","left_shank_angle_max_mean_sit2stand",0.333333333333333,-0.00596242648658868,3
"1333","left_shank_angle_min_mean_sit2stand",0.333333333333333,-0.0286432413540903,3
"1336","left_shank_angle_ang_vel_sit2stand",0.333333333333333,-0.00886741896567452,3
"1337","left_shank_angle_ang_acc_sit2stand",0.333333333333333,-0.00878120571211442,3
"1340","left_shank_angle_min_ang_vel_sit2stand",0.333333333333333,0.00285155132763319,3
"1345","right_shank_angle_min_sit2stand",0.333333333333333,0.00115732979317942,3
"1347","right_shank_angle_min_mean_sit2stand",0.333333333333333,0.00105866194268761,3
"1364","alignment_ang_vel_sit2stand",0.333333333333333,0.00164119112953109,3
"1365","alignment_ang_acc_sit2stand",0.333333333333333,0.0015657170325929,3
"1371","left_knee_sd_stand2sit",0.333333333333333,-0.0223100540537568,3
"1373","left_knee_min_stand2sit",0.333333333333333,0.00746829605349668,3
"1374","left_knee_max_mean_stand2sit",0.333333333333333,-0.00166102779478395,3
"1376","left_knee_max_sd_stand2sit",0.333333333333333,-0.038564672170337,3
"1380","left_knee_max_ang_vel_stand2sit",0.333333333333333,0.00412259680721664,3
"1381","left_knee_max_ang_acc_stand2sit",0.333333333333333,2.33976433968254e-05,3
"1383","left_knee_min_ang_acc_stand2sit",0.333333333333333,-1.17181596774217e-05,3
"1394","right_knee_max_ang_vel_stand2sit",0.333333333333333,-0.00354870289409303,3
"1400","left_hip_max_stand2sit",0.333333333333333,-0.00114265758327362,3
"1402","left_hip_max_mean_stand2sit",0.333333333333333,-0.00177194419140007,3
"1404","left_hip_max_sd_stand2sit",0.333333333333333,0.0269234022780633,3
"1409","left_hip_max_ang_acc_stand2sit",0.333333333333333,0.000312307452422436,3
"1413","right_hip_sd_stand2sit",0.333333333333333,-0.00173029134800061,3
"1414","right_hip_max_stand2sit",0.333333333333333,-0.0102739508274807,3
"1416","right_hip_max_mean_stand2sit",0.333333333333333,-0.00499562805584083,3
"1418","right_hip_max_sd_stand2sit",0.333333333333333,-0.150485664140473,3
"1422","right_hip_max_ang_vel_stand2sit",0.333333333333333,-0.00126557711708661,3
"1424","right_hip_min_ang_vel_stand2sit",0.333333333333333,-0.0012329052062069,3
"1426","left_ankle_range_mean_stand2sit",0.333333333333333,-0.000988876303638707,3
"1428","left_ankle_max_stand2sit",0.333333333333333,-0.00150656567601742,3
"1430","left_ankle_max_mean_stand2sit",0.333333333333333,-0.0110188954775611,3
"1431","left_ankle_min_mean_stand2sit",0.333333333333333,-0.00802947689983072,3
"1434","left_ankle_ang_vel_stand2sit",0.333333333333333,-0.00834857039956478,3
"1435","left_ankle_ang_acc_stand2sit",0.333333333333333,-0.00833395090510778,3
"1436","left_ankle_max_ang_vel_stand2sit",0.333333333333333,9.3162532722856e-05,3
"1454","trunk_lean_range_mean_stand2sit",0.333333333333333,-0.0120798269830357,3
"1456","trunk_lean_max_stand2sit",0.333333333333333,-0.00501024441114687,3
"1457","trunk_lean_min_stand2sit",0.333333333333333,0.0089916258681223,3
"1467","trunk_lean_min_ang_acc_stand2sit",0.333333333333333,-0.000128864429452521,3
"1468","left_shank_angle_range_mean_stand2sit",0.333333333333333,-0.0176008494041083,3
"1478","left_shank_angle_max_ang_vel_stand2sit",0.333333333333333,0.00570341871776536,3
"1483","right_shank_angle_sd_stand2sit",0.333333333333333,-0.000426964992974752,3
"1487","right_shank_angle_min_mean_stand2sit",0.333333333333333,0.00245859824308394,3
"1489","right_shank_angle_min_sd_stand2sit",0.333333333333333,0.0621958468357553,3
"1492","right_shank_angle_max_ang_vel_stand2sit",0.333333333333333,-0.00608315590944529,3
"1504","alignment_ang_vel_stand2sit",0.333333333333333,-0.00125452450451776,3
"1505","alignment_ang_acc_stand2sit",0.333333333333333,-0.00129608005311876,3
"1511","pelvic_min_speed",0.333333333333333,1.67594594701124,3
"1513","pelvic_avg_acc",0.333333333333333,-0.137776854081362,3
"1514","pelvic_min_acc",0.333333333333333,-0.0628595587905062,3
"1522","neck_avg_speed",0.333333333333333,0.590673822189765,3
"1523","neck_min_speed",0.333333333333333,2.57431626440771,3
"1538","pelvic_min_acc_sit2stand",0.333333333333333,-0.541840853477538,3
"1546","neck_avg_speed_sit2stand",0.333333333333333,2.17478450781473,3
"1549","neck_avg_acc_sit2stand",0.333333333333333,0.00822245018825739,3
"1550","neck_min_acc_sit2stand",0.333333333333333,0.531910240957624,3
"1561","pelvic_avg_acc_stand2sit",0.333333333333333,-0.0897331245249316,3
"1571","neck_min_speed_stand2sit",0.333333333333333,0.313180541664492,3
"1573","neck_avg_acc_stand2sit",0.333333333333333,-0.199924846204031,3
"1574","neck_min_acc_stand2sit",0.333333333333333,-0.378071598009308,3
"1582","ank_to_hip_dist_sit",0.333333333333333,-0.13582826734893,3
"1589","lknee_angle_first_stand",0.333333333333333,-0.00236451418411279,3
"1063","speed",0,0,3
"1064","time_sd",0,0,3
"1066","time_sit2stand",0,0,3
"1068","speed_sit2stand",0,0,3
"1070","speed_sd_sit2stand",0,0,3
"1071","time_stand2sit",0,0,3
"1073","speed_stand2sit",0,0,3
"1074","time_sd_stand2sit",0,0,3
"1075","speed_sd_stand2sit",0,0,3
"1077","left_knee_sd",0,0,3
"1078","left_knee_max",0,0,3
"1079","left_knee_min",0,0,3
"1080","left_knee_max_mean",0,0,3
"1081","left_knee_min_mean",0,0,3
"1086","left_knee_max_ang_vel",0,0,3
"1087","left_knee_max_ang_acc",0,0,3
"1088","left_knee_min_ang_vel",0,0,3
"1091","right_knee_sd",0,0,3
"1092","right_knee_max",0,0,3
"1093","right_knee_min",0,0,3
"1094","right_knee_max_mean",0,0,3
"1095","right_knee_min_mean",0,0,3
"1096","right_knee_max_sd",0,0,3
"1097","right_knee_min_sd",0,0,3
"1101","right_knee_max_ang_acc",0,0,3
"1102","right_knee_min_ang_vel",0,0,3
"1103","right_knee_min_ang_acc",0,0,3
"1104","left_hip_range_mean",0,0,3
"1105","left_hip_sd",0,0,3
"1107","left_hip_min",0,0,3
"1109","left_hip_min_mean",0,0,3
"1112","left_hip_ang_vel",0,0,3
"1113","left_hip_ang_acc",0,0,3
"1114","left_hip_max_ang_vel",0,0,3
"1116","left_hip_min_ang_vel",0,0,3
"1118","right_hip_range_mean",0,0,3
"1119","right_hip_sd",0,0,3
"1121","right_hip_min",0,0,3
"1122","right_hip_max_mean",0,0,3
"1123","right_hip_min_mean",0,0,3
"1126","right_hip_ang_vel",0,0,3
"1127","right_hip_ang_acc",0,0,3
"1128","right_hip_max_ang_vel",0,0,3
"1130","right_hip_min_ang_vel",0,0,3
"1131","right_hip_min_ang_acc",0,0,3
"1133","left_ankle_sd",0,0,3
"1134","left_ankle_max",0,0,3
"1135","left_ankle_min",0,0,3
"1136","left_ankle_max_mean",0,0,3
"1137","left_ankle_min_mean",0,0,3
"1139","left_ankle_min_sd",0,0,3
"1142","left_ankle_max_ang_vel",0,0,3
"1143","left_ankle_max_ang_acc",0,0,3
"1144","left_ankle_min_ang_vel",0,0,3
"1145","left_ankle_min_ang_acc",0,0,3
"1146","right_ankle_range_mean",0,0,3
"1147","right_ankle_sd",0,0,3
"1148","right_ankle_max",0,0,3
"1149","right_ankle_min",0,0,3
"1150","right_ankle_max_mean",0,0,3
"1151","right_ankle_min_mean",0,0,3
"1153","right_ankle_min_sd",0,0,3
"1156","right_ankle_max_ang_vel",0,0,3
"1157","right_ankle_max_ang_acc",0,0,3
"1158","right_ankle_min_ang_vel",0,0,3
"1159","right_ankle_min_ang_acc",0,0,3
"1160","trunk_lean_range_mean",0,0,3
"1161","trunk_lean_sd",0,0,3
"1162","trunk_lean_max",0,0,3
"1163","trunk_lean_min",0,0,3
"1164","trunk_lean_max_mean",0,0,3
"1165","trunk_lean_min_mean",0,0,3
"1166","trunk_lean_max_sd",0,0,3
"1171","trunk_lean_max_ang_acc",0,0,3
"1174","left_shank_angle_range_mean",0,0,3
"1175","left_shank_angle_sd",0,0,3
"1176","left_shank_angle_max",0,0,3
"1177","left_shank_angle_min",0,0,3
"1178","left_shank_angle_max_mean",0,0,3
"1179","left_shank_angle_min_mean",0,0,3
"1180","left_shank_angle_max_sd",0,0,3
"1185","left_shank_angle_max_ang_acc",0,0,3
"1187","left_shank_angle_min_ang_acc",0,0,3
"1188","right_shank_angle_range_mean",0,0,3
"1189","right_shank_angle_sd",0,0,3
"1190","right_shank_angle_max",0,0,3
"1191","right_shank_angle_min",0,0,3
"1192","right_shank_angle_max_mean",0,0,3
"1193","right_shank_angle_min_mean",0,0,3
"1194","right_shank_angle_max_sd",0,0,3
"1198","right_shank_angle_max_ang_vel",0,0,3
"1199","right_shank_angle_max_ang_acc",0,0,3
"1201","right_shank_angle_min_ang_acc",0,0,3
"1202","alignment_range_mean",0,0,3
"1203","alignment_sd",0,0,3
"1204","alignment_max",0,0,3
"1205","alignment_min",0,0,3
"1207","alignment_min_mean",0,0,3
"1208","alignment_max_sd",0,0,3
"1209","alignment_min_sd",0,0,3
"1213","alignment_max_ang_acc",0,0,3
"1215","alignment_min_ang_acc",0,0,3
"1216","trunk_range_mean",0,0,3
"1217","trunk_sd",0,0,3
"1218","trunk_max",0,0,3
"1219","trunk_min",0,0,3
"1221","trunk_min_mean",0,0,3
"1222","trunk_max_sd",0,0,3
"1224","trunk_ang_vel",0,0,3
"1225","trunk_ang_acc",0,0,3
"1228","trunk_min_ang_vel",0,0,3
"1229","trunk_min_ang_acc",0,0,3
"1231","left_knee_sd_sit2stand",0,0,3
"1232","left_knee_max_sit2stand",0,0,3
"1233","left_knee_min_sit2stand",0,0,3
"1235","left_knee_min_mean_sit2stand",0,0,3
"1236","left_knee_max_sd_sit2stand",0,0,3
"1238","left_knee_ang_vel_sit2stand",0,0,3
"1239","left_knee_ang_acc_sit2stand",0,0,3
"1240","left_knee_max_ang_vel_sit2stand",0,0,3
"1243","left_knee_min_ang_acc_sit2stand",0,0,3
"1244","right_knee_range_mean_sit2stand",0,0,3
"1245","right_knee_sd_sit2stand",0,0,3
"1246","right_knee_max_sit2stand",0,0,3
"1247","right_knee_min_sit2stand",0,0,3
"1248","right_knee_max_mean_sit2stand",0,0,3
"1249","right_knee_min_mean_sit2stand",0,0,3
"1252","right_knee_ang_vel_sit2stand",0,0,3
"1253","right_knee_ang_acc_sit2stand",0,0,3
"1254","right_knee_max_ang_vel_sit2stand",0,0,3
"1257","right_knee_min_ang_acc_sit2stand",0,0,3
"1258","left_hip_range_mean_sit2stand",0,0,3
"1260","left_hip_max_sit2stand",0,0,3
"1261","left_hip_min_sit2stand",0,0,3
"1262","left_hip_max_mean_sit2stand",0,0,3
"1263","left_hip_min_mean_sit2stand",0,0,3
"1264","left_hip_max_sd_sit2stand",0,0,3
"1265","left_hip_min_sd_sit2stand",0,0,3
"1266","left_hip_ang_vel_sit2stand",0,0,3
"1267","left_hip_ang_acc_sit2stand",0,0,3
"1268","left_hip_max_ang_vel_sit2stand",0,0,3
"1269","left_hip_max_ang_acc_sit2stand",0,0,3
"1272","right_hip_range_mean_sit2stand",0,0,3
"1273","right_hip_sd_sit2stand",0,0,3
"1275","right_hip_min_sit2stand",0,0,3
"1276","right_hip_max_mean_sit2stand",0,0,3
"1277","right_hip_min_mean_sit2stand",0,0,3
"1278","right_hip_max_sd_sit2stand",0,0,3
"1280","right_hip_ang_vel_sit2stand",0,0,3
"1281","right_hip_ang_acc_sit2stand",0,0,3
"1284","right_hip_min_ang_vel_sit2stand",0,0,3
"1287","left_ankle_sd_sit2stand",0,0,3
"1288","left_ankle_max_sit2stand",0,0,3
"1289","left_ankle_min_sit2stand",0,0,3
"1290","left_ankle_max_mean_sit2stand",0,0,3
"1292","left_ankle_max_sd_sit2stand",0,0,3
"1293","left_ankle_min_sd_sit2stand",0,0,3
"1296","left_ankle_max_ang_vel_sit2stand",0,0,3
"1297","left_ankle_max_ang_acc_sit2stand",0,0,3
"1300","right_ankle_range_mean_sit2stand",0,0,3
"1301","right_ankle_sd_sit2stand",0,0,3
"1302","right_ankle_max_sit2stand",0,0,3
"1303","right_ankle_min_sit2stand",0,0,3
"1304","right_ankle_max_mean_sit2stand",0,0,3
"1306","right_ankle_max_sd_sit2stand",0,0,3
"1307","right_ankle_min_sd_sit2stand",0,0,3
"1310","right_ankle_max_ang_vel_sit2stand",0,0,3
"1311","right_ankle_max_ang_acc_sit2stand",0,0,3
"1312","right_ankle_min_ang_vel_sit2stand",0,0,3
"1313","right_ankle_min_ang_acc_sit2stand",0,0,3
"1314","trunk_lean_range_mean_sit2stand",0,0,3
"1315","trunk_lean_sd_sit2stand",0,0,3
"1316","trunk_lean_max_sit2stand",0,0,3
"1318","trunk_lean_max_mean_sit2stand",0,0,3
"1322","trunk_lean_ang_vel_sit2stand",0,0,3
"1323","trunk_lean_ang_acc_sit2stand",0,0,3
"1324","trunk_lean_max_ang_vel_sit2stand",0,0,3
"1326","trunk_lean_min_ang_vel_sit2stand",0,0,3
"1328","left_shank_angle_range_mean_sit2stand",0,0,3
"1330","left_shank_angle_max_sit2stand",0,0,3
"1334","left_shank_angle_max_sd_sit2stand",0,0,3
"1335","left_shank_angle_min_sd_sit2stand",0,0,3
"1339","left_shank_angle_max_ang_acc_sit2stand",0,0,3
"1341","left_shank_angle_min_ang_acc_sit2stand",0,0,3
"1342","right_shank_angle_range_mean_sit2stand",0,0,3
"1343","right_shank_angle_sd_sit2stand",0,0,3
"1344","right_shank_angle_max_sit2stand",0,0,3
"1346","right_shank_angle_max_mean_sit2stand",0,0,3
"1348","right_shank_angle_max_sd_sit2stand",0,0,3
"1349","right_shank_angle_min_sd_sit2stand",0,0,3
"1350","right_shank_angle_ang_vel_sit2stand",0,0,3
"1351","right_shank_angle_ang_acc_sit2stand",0,0,3
"1352","right_shank_angle_max_ang_vel_sit2stand",0,0,3
"1353","right_shank_angle_max_ang_acc_sit2stand",0,0,3
"1354","right_shank_angle_min_ang_vel_sit2stand",0,0,3
"1355","right_shank_angle_min_ang_acc_sit2stand",0,0,3
"1356","alignment_range_mean_sit2stand",0,0,3
"1357","alignment_sd_sit2stand",0,0,3
"1358","alignment_max_sit2stand",0,0,3
"1359","alignment_min_sit2stand",0,0,3
"1360","alignment_max_mean_sit2stand",0,0,3
"1361","alignment_min_mean_sit2stand",0,0,3
"1362","alignment_max_sd_sit2stand",0,0,3
"1363","alignment_min_sd_sit2stand",0,0,3
"1366","alignment_max_ang_vel_sit2stand",0,0,3
"1367","alignment_max_ang_acc_sit2stand",0,0,3
"1368","alignment_min_ang_vel_sit2stand",0,0,3
"1369","alignment_min_ang_acc_sit2stand",0,0,3
"1375","left_knee_min_mean_stand2sit",0,0,3
"1377","left_knee_min_sd_stand2sit",0,0,3
"1378","left_knee_ang_vel_stand2sit",0,0,3
"1379","left_knee_ang_acc_stand2sit",0,0,3
"1382","left_knee_min_ang_vel_stand2sit",0,0,3
"1384","right_knee_range_mean_stand2sit",0,0,3
"1385","right_knee_sd_stand2sit",0,0,3
"1386","right_knee_max_stand2sit",0,0,3
"1387","right_knee_min_stand2sit",0,0,3
"1388","right_knee_max_mean_stand2sit",0,0,3
"1389","right_knee_min_mean_stand2sit",0,0,3
"1390","right_knee_max_sd_stand2sit",0,0,3
"1391","right_knee_min_sd_stand2sit",0,0,3
"1392","right_knee_ang_vel_stand2sit",0,0,3
"1393","right_knee_ang_acc_stand2sit",0,0,3
"1395","right_knee_max_ang_acc_stand2sit",0,0,3
"1396","right_knee_min_ang_vel_stand2sit",0,0,3
"1397","right_knee_min_ang_acc_stand2sit",0,0,3
"1398","left_hip_range_mean_stand2sit",0,0,3
"1399","left_hip_sd_stand2sit",0,0,3
"1401","left_hip_min_stand2sit",0,0,3
"1403","left_hip_min_mean_stand2sit",0,0,3
"1406","left_hip_ang_vel_stand2sit",0,0,3
"1407","left_hip_ang_acc_stand2sit",0,0,3
"1408","left_hip_max_ang_vel_stand2sit",0,0,3
"1410","left_hip_min_ang_vel_stand2sit",0,0,3
"1411","left_hip_min_ang_acc_stand2sit",0,0,3
"1412","right_hip_range_mean_stand2sit",0,0,3
"1415","right_hip_min_stand2sit",0,0,3
"1417","right_hip_min_mean_stand2sit",0,0,3
"1420","right_hip_ang_vel_stand2sit",0,0,3
"1421","right_hip_ang_acc_stand2sit",0,0,3
"1423","right_hip_max_ang_acc_stand2sit",0,0,3
"1425","right_hip_min_ang_acc_stand2sit",0,0,3
"1427","left_ankle_sd_stand2sit",0,0,3
"1429","left_ankle_min_stand2sit",0,0,3
"1432","left_ankle_max_sd_stand2sit",0,0,3
"1433","left_ankle_min_sd_stand2sit",0,0,3
"1437","left_ankle_max_ang_acc_stand2sit",0,0,3
"1438","left_ankle_min_ang_vel_stand2sit",0,0,3
"1439","left_ankle_min_ang_acc_stand2sit",0,0,3
"1440","right_ankle_range_mean_stand2sit",0,0,3
"1441","right_ankle_sd_stand2sit",0,0,3
"1442","right_ankle_max_stand2sit",0,0,3
"1443","right_ankle_min_stand2sit",0,0,3
"1444","right_ankle_max_mean_stand2sit",0,0,3
"1445","right_ankle_min_mean_stand2sit",0,0,3
"1446","right_ankle_max_sd_stand2sit",0,0,3
"1447","right_ankle_min_sd_stand2sit",0,0,3
"1448","right_ankle_ang_vel_stand2sit",0,0,3
"1449","right_ankle_ang_acc_stand2sit",0,0,3
"1450","right_ankle_max_ang_vel_stand2sit",0,0,3
"1451","right_ankle_max_ang_acc_stand2sit",0,0,3
"1452","right_ankle_min_ang_vel_stand2sit",0,0,3
"1453","right_ankle_min_ang_acc_stand2sit",0,0,3
"1458","trunk_lean_max_mean_stand2sit",0,0,3
"1460","trunk_lean_max_sd_stand2sit",0,0,3
"1461","trunk_lean_min_sd_stand2sit",0,0,3
"1462","trunk_lean_ang_vel_stand2sit",0,0,3
"1463","trunk_lean_ang_acc_stand2sit",0,0,3
"1464","trunk_lean_max_ang_vel_stand2sit",0,0,3
"1466","trunk_lean_min_ang_vel_stand2sit",0,0,3
"1470","left_shank_angle_max_stand2sit",0,0,3
"1471","left_shank_angle_min_stand2sit",0,0,3
"1472","left_shank_angle_max_mean_stand2sit",0,0,3
"1473","left_shank_angle_min_mean_stand2sit",0,0,3
"1476","left_shank_angle_ang_vel_stand2sit",0,0,3
"1477","left_shank_angle_ang_acc_stand2sit",0,0,3
"1479","left_shank_angle_max_ang_acc_stand2sit",0,0,3
"1480","left_shank_angle_min_ang_vel_stand2sit",0,0,3
"1481","left_shank_angle_min_ang_acc_stand2sit",0,0,3
"1482","right_shank_angle_range_mean_stand2sit",0,0,3
"1484","right_shank_angle_max_stand2sit",0,0,3
"1485","right_shank_angle_min_stand2sit",0,0,3
"1486","right_shank_angle_max_mean_stand2sit",0,0,3
"1488","right_shank_angle_max_sd_stand2sit",0,0,3
"1490","right_shank_angle_ang_vel_stand2sit",0,0,3
"1491","right_shank_angle_ang_acc_stand2sit",0,0,3
"1493","right_shank_angle_max_ang_acc_stand2sit",0,0,3
"1494","right_shank_angle_min_ang_vel_stand2sit",0,0,3
"1495","right_shank_angle_min_ang_acc_stand2sit",0,0,3
"1496","alignment_range_mean_stand2sit",0,0,3
"1497","alignment_sd_stand2sit",0,0,3
"1498","alignment_max_stand2sit",0,0,3
"1499","alignment_min_stand2sit",0,0,3
"1501","alignment_min_mean_stand2sit",0,0,3
"1502","alignment_max_sd_stand2sit",0,0,3
"1503","alignment_min_sd_stand2sit",0,0,3
"1507","alignment_max_ang_acc_stand2sit",0,0,3
"1508","alignment_min_ang_vel_stand2sit",0,0,3
"1509","alignment_min_ang_acc_stand2sit",0,0,3
"1510","pelvic_avg_speed",0,0,3
"1512","pelvic_max_speed",0,0,3
"1515","pelvic_max_acc",0,0,3
"1517","pelvic_min_y_speed",0,0,3
"1518","pelvic_max_y_speed",0,0,3
"1520","pelvic_min_y_acc",0,0,3
"1521","pelvic_max_y_acc",0,0,3
"1524","neck_max_speed",0,0,3
"1525","neck_avg_acc",0,0,3
"1526","neck_min_acc",0,0,3
"1527","neck_max_acc",0,0,3
"1529","neck_min_y_speed",0,0,3
"1530","neck_max_y_speed",0,0,3
"1532","neck_min_y_acc",0,0,3
"1533","neck_max_y_acc",0,0,3
"1534","pelvic_avg_speed_sit2stand",0,0,3
"1535","pelvic_min_speed_sit2stand",0,0,3
"1536","pelvic_max_speed_sit2stand",0,0,3
"1537","pelvic_avg_acc_sit2stand",0,0,3
"1539","pelvic_max_acc_sit2stand",0,0,3
"1541","pelvic_min_y_speed_sit2stand",0,0,3
"1542","pelvic_max_y_speed_sit2stand",0,0,3
"1544","pelvic_min_y_acc_sit2stand",0,0,3
"1545","pelvic_max_y_acc_sit2stand",0,0,3
"1548","neck_max_speed_sit2stand",0,0,3
"1551","neck_max_acc_sit2stand",0,0,3
"1553","neck_min_y_speed_sit2stand",0,0,3
"1554","neck_max_y_speed_sit2stand",0,0,3
"1556","neck_min_y_acc_sit2stand",0,0,3
"1557","neck_max_y_acc_sit2stand",0,0,3
"1558","pelvic_avg_speed_stand2sit",0,0,3
"1560","pelvic_max_speed_stand2sit",0,0,3
"1562","pelvic_min_acc_stand2sit",0,0,3
"1563","pelvic_max_acc_stand2sit",0,0,3
"1565","pelvic_min_y_speed_stand2sit",0,0,3
"1566","pelvic_max_y_speed_stand2sit",0,0,3
"1568","pelvic_min_y_acc_stand2sit",0,0,3
"1569","pelvic_max_y_acc_stand2sit",0,0,3
"1570","neck_avg_speed_stand2sit",0,0,3
"1572","neck_max_speed_stand2sit",0,0,3
"1575","neck_max_acc_stand2sit",0,0,3
"1577","neck_min_y_speed_stand2sit",0,0,3
"1578","neck_max_y_speed_stand2sit",0,0,3
"1580","neck_min_y_acc_stand2sit",0,0,3
"1581","neck_max_y_acc_stand2sit",0,0,3
"1583","ank_to_hip_dist_stand",0,0,3
"1584","knee_to_hip_dist_sit",0,0,3
"1590","rknee_angle_first_stand",0,0,3
